lakeid,year4,daynum,sampledate,depth,cl,so4,ca,mg,na,k,fe,mn
AL,2013,56,2/25/2013,0,0.45,4.36,12.2,3.18,1.61,0.63,0.14,0.02
AL,2013,56,2/25/2013,4,0.48,4.68,13.76,3.59,1.74,0.78,0.13,0.06
AL,2013,56,2/25/2013,4,0.46,4.67,13.9,3.63,1.75,0.78,0.14,0.08
AL,2013,56,2/25/2013,7,0.49,3.32,16.96,4.21,1.78,0.93,2.04,0.56
AL,2013,134,5/14/2013,0,0.57,3.93,12.45,3.19,1.51,0.68,0.19,0.08
AL,2013,134,5/14/2013,0,0.57,3.94,12.36,3.17,1.48,0.66,0.19,0.08
AL,2013,134,5/14/2013,4,0.58,3.94,12.35,3.18,1.47,0.67,0.2,0.08
AL,2013,134,5/14/2013,7,0.58,3.91,12,3.09,1.47,0.65,0.23,0.09
AL,2013,219,8/7/2013,0,0.28,3.57,11.85,3.13,1.56,0.65,0.02,0
AL,2013,219,8/7/2013,0,0.28,3.55,11.87,3.13,1.55,0.63,0.02,0
AL,2013,219,8/7/2013,4,0.29,3.56,11.79,3.11,1.54,0.64,0.02,0
AL,2013,219,8/7/2013,6,0.36,3.08,14.36,3.43,1.63,0.77,0.19,0.11
AL,2013,219,8/7/2013,7,0.38,2.27,15.85,3.59,1.68,0.85,0.26,1.37
AL,2013,311,11/7/2013,0,0.31,3.42,12.33,3.2,1.63,0.69,0.06,0
AL,2013,311,11/7/2013,4,0.32,3.41,12.2,3.2,1.61,0.68,0.05,0
AL,2013,311,11/7/2013,4,0.32,3.44,12.18,3.22,1.62,0.68,0.05,0
AL,2013,311,11/7/2013,7,0.35,3.44,12.33,3.2,1.61,0.67,0.05,0
AL,2014,77,3/18/2014,0,0.6,5.7,13.11,3.91,1.93,0.78,0.15,0.02
AL,2014,77,3/18/2014,4,0.51,3.21,15.66,4,1.63,0.92,1.75,0.65
AL,2014,77,3/18/2014,4,0.5,3.99,13.09,3.49,1.57,0.75,0.21,0.08
AL,2014,77,3/18/2014,7,0.54,4.02,13.21,3.54,1.6,0.75,0.21,0.08
AL,2014,140,5/20/2014,0,0.23,3.12,11.49,3.04,1.03,0.65,0.34,0.03
AL,2014,140,5/20/2014,4,0.24,3.18,11.64,3.04,1.06,0.65,0.35,0.03
AL,2014,140,5/20/2014,4,0.23,3.14,11.49,3.08,1.07,0.65,0.35,0.03
AL,2014,140,5/20/2014,7,0.26,3,12.32,3.16,1.01,0.69,0.54,0.26
AL,2014,224,8/12/2014,0,0.61,3.33,10.89,3.16,1.49,0.61,0.09,0
AL,2014,224,8/12/2014,4,0.61,3.3,10.91,3.16,1.51,0.62,0.09,0.01
AL,2014,224,8/12/2014,6,0.66,2.35,12.94,3.24,1.51,0.77,0.08,0.27
AL,2014,224,8/12/2014,6,0.66,2.35,13.09,3.22,1.5,0.77,0.07,0.26
AL,2014,224,8/12/2014,7,0.69,0.96,14.71,3.39,1.56,0.89,2.3,1.53
AL,2014,307,11/3/2014,0,0.41,4.31,11.76,3.21,1.62,0.67,0.24,0.02
AL,2014,307,11/3/2014,4,0.39,4.46,11.89,3.21,1.64,0.69,0.24,0.02
AL,2014,307,11/3/2014,4,0.54,4.26,11.9,3.19,1.63,0.67,0.24,0.02
AL,2014,307,11/3/2014,7,0.39,4.31,11.8,3.21,1.67,0.7,0.24,0.02
AL,2015,55,2/24/2015,0,0.41,4.45,11.3,3.23,1.57,0.63,0.13,0.02
AL,2015,55,2/24/2015,4,0.39,3.24,11.73,3.28,1.46,0.72,0.26,0.12
AL,2015,55,2/24/2015,7,0.41,0.11,13.01,3.56,1.49,0.83,2.4,0.44
AL,2015,55,2/24/2015,7,0.42,0.11,13.24,3.58,1.49,0.85,3.11,0.5
AL,2015,111,4/21/2015,0,0.34,3.33,14.34,3.23,1.68,0.68,0.46,0.03
AL,2015,111,4/21/2015,4,0.34,3.31,14.42,3.24,1.75,0.71,0.47,0.03
AL,2015,111,4/21/2015,7,0.35,3.32,14.79,3.27,1.79,0.72,0.49,0.04
AL,2015,111,4/21/2015,7,0.5,2.41,14.53,3.26,1.78,0.7,0.47,0.04
AL,2015,222,8/10/2015,0,0.65,3.4,11.41,3.11,1.53,0.57,0.03,0
AL,2015,222,8/10/2015,4,0.65,3.41,11.53,3.12,1.55,0.57,0.04,0
AL,2015,222,8/10/2015,6,0.7,2.76,12.87,3.23,1.56,0.67,0.3,0.02
AL,2015,222,8/10/2015,7,0.8,1.25,14.9,3.39,1.65,0.84,0.47,1.74
AL,2015,222,8/10/2015,7,0.78,1.23,14.96,3.4,1.61,0.84,0.53,1.76
AL,2015,313,11/9/2015,0,0.45,3.34,11.87,3.17,1.53,0.65,0.08,0.02
AL,2015,313,11/9/2015,4,0.46,3.31,12.05,3.18,1.52,0.65,0.08,0.02
AL,2015,313,11/9/2015,7,0.47,3.44,11.56,3.1,1.51,0.63,0.1,0.02
AL,2015,313,11/9/2015,7,0.46,3.36,11.64,3.15,1.62,0.63,0.1,0.02
AL,2016,68,3/8/2016,0,0.56,4.3,12.27,3.41,,0.7,0.13,0.02
AL,2016,68,3/8/2016,4,0.52,3.52,12.51,3.35,,0.73,0.16,0.06
AL,2016,68,3/8/2016,4,0.51,3.51,12.31,3.36,,0.73,0.16,0.06
AL,2016,68,3/8/2016,6,0.56,3.28,13.22,3.5,,0.76,0.28,0.2
AL,2016,116,4/25/2016,0,0.52,3.62,12.51,3.15,,0.65,0.18,0.02
AL,2016,116,4/25/2016,4,0.53,3.62,12.56,3.16,,0.66,0.21,0.02
AL,2016,116,4/25/2016,4,0.52,3.58,12.5,3.18,,0.65,0.19,0.02
AL,2016,116,4/25/2016,7,0.56,2.94,15.72,3.74,,0.82,2.28,0.53
AL,2016,231,8/18/2016,0,0.34,3.41,12.12,3.24,,0.56,0.03,0
AL,2016,231,8/18/2016,2,0.34,3.39,12.26,3.24,,0.56,0.03,0
AL,2016,231,8/18/2016,4,0.35,3.35,12.41,3.23,,0.58,0.09,0.01
AL,2016,231,8/18/2016,4,0.34,3.35,12.38,3.25,,0.58,0.1,0.02
AL,2016,231,8/18/2016,7,0.44,1.29,17.02,3.72,,0.9,7.5,2.07
AL,2016,315,11/10/2016,0,0.37,2.91,13.22,3.36,,0.69,0.24,0.03
AL,2016,315,11/10/2016,4,0.36,2.9,13.09,3.32,,0.68,0.24,0.03
AL,2016,315,11/10/2016,4,0.37,2.91,13.17,3.34,,0.68,0.23,0.03
AL,2016,315,11/10/2016,7,0.37,2.91,13.14,3.33,,0.68,0.23,0.03
AL,2017,51,2/20/2017,0,0.58,4.04,12.34,3.25,1.7,0.65,0.16,0.02
AL,2017,51,2/20/2017,4,0.54,3.28,13.18,3.39,1.63,0.71,0.22,0.07
AL,2017,51,2/20/2017,4,0.54,3.27,13.23,3.4,1.65,0.71,0.23,0.08
AL,2017,51,2/20/2017,7,0.53,2.94,13.92,3.5,1.65,0.75,0.23,0.08
AL,2017,107,4/17/2017,0,0.48,3.08,11.01,2.95,1.37,0.64,0.33,0.05
AL,2017,107,4/17/2017,0,0.47,3.03,10.87,2.92,1.35,0.62,0.33,0.04
AL,2017,107,4/17/2017,4,0.47,3.04,11.03,2.96,1.37,0.64,0.34,0.05
AL,2017,107,4/17/2017,7,0.48,3.03,10.91,2.93,1.34,0.62,0.33,0.05
AL,2017,220,8/8/2017,0,0.41,2.77,11.55,3.09,1.61,0.49,0.05,0
AL,2017,220,8/8/2017,4,0.39,2.76,11.56,3.1,1.55,0.5,0.06,0.02
AL,2017,220,8/8/2017,6,0.46,2.4,12.37,3.13,1.67,0.68,0.16,0.7
AL,2017,220,8/8/2017,7,0.48,0.68,15.6,3.44,1.55,0.76,10.23,0.93
AL,2017,220,8/8/2017,7,0.48,0.68,15.83,3.49,1.65,0.79,10.23,0.95
AL,2017,311,11/7/2017,0,0.48,3.05,11.22,3.07,1.48,0.66,0.2,0
AL,2017,311,11/7/2017,0,0.48,2.93,11.2,3.06,1.47,0.64,0.21,0
AL,2017,311,11/7/2017,4,0.48,2.94,11.4,3.05,1.46,0.64,0.2,0
AL,2017,311,11/7/2017,7,0.49,3.14,11.35,3.04,1.41,0.67,0.2,0
AL,2018,53,2/22/2018,0,0.67,4.44,13.13,3.54,2.02,0.74,0.19,0.02
AL,2018,53,2/22/2018,4,0.65,3.49,13.42,3.58,1.96,0.87,0.3,0.08
AL,2018,53,2/22/2018,4,0.66,3.58,13.64,3.59,2.02,0.86,0.32,0.08
AL,2018,53,2/22/2018,7,0.66,3.05,15.94,4.21,2.2,1.06,1.85,0.45
AL,2018,134,5/14/2018,0,0.44,3.05,11.21,2.98,1.51,0.65,0.21,0.02
AL,2018,134,5/14/2018,0,0.43,3.04,11.21,2.91,1.44,0.64,0.18,0.02
AL,2018,134,5/14/2018,4,0.42,3.03,11.14,2.93,1.46,0.64,0.23,0.01
AL,2018,134,5/14/2018,7,0.47,2.87,13.92,3.53,1.64,0.8,1.27,0.52
AL,2018,220,8/8/2018,0,0.51,3.03,10.99,2.98,1.52,0.57,0.01,0
AL,2018,220,8/8/2018,0,0.5,3.03,11.17,2.99,1.49,0.58,0.01,0
AL,2018,220,8/8/2018,2,0.5,3.03,11.13,3,1.5,0.57,0.02,0
AL,2018,220,8/8/2018,6,0.54,2.89,11.77,3.09,1.59,0.6,0.08,0
AL,2018,220,8/8/2018,7,0.62,0.44,17.32,3.83,1.82,1.05,14.34,1.54
AL,2018,309,11/5/2018,0,0.43,3.01,11.37,3.03,1.38,0.65,0.44,0.06
AL,2018,309,11/5/2018,0,0.44,3.03,11.47,3.05,1.39,0.65,0.44,0.06
AL,2018,309,11/5/2018,4,0.44,3.02,11.51,3.04,1.39,0.65,0.44,0.06
AL,2018,309,11/5/2018,7,0.43,3,11.35,3.05,1.38,0.65,0.43,0.06
BM,2013,53,2/22/2013,0,0.55,3.58,7.4,2.24,1.11,0.48,0.03,0
BM,2013,53,2/22/2013,0,0.55,3.58,7.38,2.26,1.11,0.48,0.03,0
BM,2013,53,2/22/2013,10,0.5,3.21,7.06,2.11,1.02,0.44,0.05,0.01
BM,2013,53,2/22/2013,18,0.56,1.41,9.29,2.4,1.07,0.58,0.27,0.09
BM,2013,135,5/15/2013,0,0.65,3.2,6.63,1.99,0.94,0.4,0,0
BM,2013,135,5/15/2013,10,0.63,3.18,6.65,1.99,0.94,0.4,0,0
BM,2013,135,5/15/2013,10,0.71,3.22,7.16,2.07,1.01,0.44,0,0
BM,2013,135,5/15/2013,18,0.64,3.15,7.11,2.07,1,0.44,0,0
BM,2013,219,8/7/2013,0,0.39,2.98,6.56,1.93,0.98,0.41,0,0
BM,2013,219,8/7/2013,5,0.4,2.95,6.67,1.95,1.02,0.45,0,0
BM,2013,219,8/7/2013,10,0.49,3.01,6.67,1.96,1.02,0.44,0,0
BM,2013,219,8/7/2013,12,0.45,3.15,6.93,1.99,1.02,0.43,0.01,0.01
BM,2013,219,8/7/2013,16,0.48,2.78,7.81,2.08,1.04,0.49,0.09,0.04
BM,2013,219,8/7/2013,18,0.58,2.7,8.04,2.08,1.05,0.5,0.14,0.05
BM,2013,219,8/7/2013,19,0.47,2.72,8.08,2.08,1.04,0.49,0.13,0.05
BM,2013,318,11/14/2013,0,0.41,2.95,6.66,2,1.02,0.41,0,0
BM,2013,318,11/14/2013,10,0.42,2.93,6.66,2.01,1.01,0.41,0,0
BM,2013,318,11/14/2013,10,0.43,2.93,6.65,2,1.01,0.4,0,0
BM,2013,318,11/14/2013,19,0.22,1.67,6.61,1.99,1.01,0.41,0,0
BM,2014,63,3/4/2014,0,0.54,3.64,6.82,2.18,0.93,0.45,0,0
BM,2014,63,3/4/2014,0,0.58,3.59,7.29,2.21,0.91,0.45,0,0
BM,2014,63,3/4/2014,10,0.54,3.42,7.07,2.12,0.85,0.44,0.03,0
BM,2014,63,3/4/2014,19,0.62,1.67,9.66,2.46,0.91,0.61,1.45,0.1
BM,2014,140,5/20/2014,0,0.3,2.89,6.76,1.98,0.5,0.37,0.01,0
BM,2014,140,5/20/2014,10,0.29,2.87,6.72,1.97,0.51,0.38,0.02,0
BM,2014,140,5/20/2014,10,0.3,2.9,6.74,1.98,0.47,0.37,0.01,0
BM,2014,140,5/20/2014,18,0.29,2.92,6.67,1.97,0.5,0.37,0.01,0
BM,2014,223,8/11/2014,0,0.68,3,6.4,1.99,0.96,0.42,0.02,0
BM,2014,223,8/11/2014,0,0.67,3,6.43,2.01,0.97,0.43,0.02,0
BM,2014,223,8/11/2014,5,0.69,3.01,6.45,2,0.96,0.42,0.02,0
BM,2014,223,8/11/2014,10,0.7,2.98,6.41,1.96,0.96,0.41,0.02,0
BM,2014,223,8/11/2014,12,0.73,2.99,6.66,1.99,0.97,0.43,0.02,0
BM,2014,223,8/11/2014,16,0.74,2.81,7.11,2.01,0.98,0.47,0.04,0.03
BM,2014,223,8/11/2014,18,0.73,2.71,7.11,2.03,0.99,0.49,0.07,0.08
BM,2014,309,11/5/2014,0,0.44,3.51,6.58,2.02,1.02,0.43,0.01,0
BM,2014,309,11/5/2014,10,0.44,3.56,6.63,2.03,1.03,0.44,0.01,0
BM,2014,309,11/5/2014,10,0.43,3.47,6.62,2.03,1.04,0.42,0.01,0
BM,2014,309,11/5/2014,18,0.5,3.5,6.72,2.03,1.08,0.48,0.01,0
BM,2015,62,3/3/2015,0,0.47,3.41,6.71,2.22,1,0.47,0.01,0
BM,2015,62,3/3/2015,10,0.41,2.87,6.21,1.97,0.88,0.41,0.03,0
BM,2015,62,3/3/2015,18,0.44,0.11,7.13,1.95,0.92,0.45,0.88,0.08
BM,2015,62,3/3/2015,18,0.43,1.37,7.08,2.01,0.9,0.48,0.88,0.08
BM,2015,113,4/23/2015,0,0.23,1.91,7.99,2.07,1.13,0.45,0.01,0
BM,2015,113,4/23/2015,10,0.37,2.88,8.09,2.07,1.16,0.44,0.01,0
BM,2015,113,4/23/2015,10,0.41,2.88,8.23,2.07,1.16,0.45,0.01,0
BM,2015,113,4/23/2015,18,0.38,2.88,8.19,2.08,1.18,0.45,0.01,0
BM,2015,224,8/12/2015,0,0.67,3.08,6.43,1.93,0.95,0.39,0,0
BM,2015,224,8/12/2015,8,0.69,3.09,6.4,1.92,0.95,0.39,0,0
BM,2015,224,8/12/2015,12,0.84,3.16,6.52,1.92,0.95,0.4,0,0
BM,2015,224,8/12/2015,12,0.72,3.14,6.51,1.93,0.96,0.4,0,0
BM,2015,224,8/12/2015,16,0.75,2.81,7.19,2,0.99,0.46,0.02,0.03
BM,2015,224,8/12/2015,18,0.76,2.58,7.77,2.01,1.01,0.46,0.44,0.09
BM,2015,314,11/10/2015,0,0.5,3.01,6.33,1.96,0.93,0.4,0.01,0
BM,2015,314,11/10/2015,10,0.49,3.08,6.35,1.97,0.95,0.4,0.01,0
BM,2015,314,11/10/2015,10,0.48,3.01,6.36,1.96,0.94,0.4,0.01,0
BM,2015,314,11/10/2015,18,0.49,2.99,6.27,1.94,0.93,0.39,0.01,0
BM,2016,64,3/4/2016,0,0.56,3.3,6.8,2.18,,0.46,0,0
BM,2016,64,3/4/2016,0,0.56,3.29,6.84,2.19,,0.46,0,0
BM,2016,64,3/4/2016,10,0.65,2.94,6.73,2.1,,0.45,0.02,0
BM,2016,64,3/4/2016,18,0.62,1.96,7.84,2.24,,0.5,0.37,0.05
BM,2016,118,4/27/2016,0,0.56,3.06,6.69,1.96,,0.39,0,0
BM,2016,118,4/27/2016,0,0.56,3.02,6.73,1.96,,0.39,0,0
BM,2016,118,4/27/2016,10,0.55,3.06,6.7,1.96,,0.39,0,0
BM,2016,118,4/27/2016,18,0.59,3.14,6.71,1.97,,0.39,0,0
BM,2016,229,8/16/2016,0,0.39,2.99,6.69,2.02,,0.41,0.01,0
BM,2016,229,8/16/2016,0,0.39,3.01,6.69,2.02,,0.41,0,0
BM,2016,229,8/16/2016,5,0.39,2.99,6.74,2.04,,0.42,0,0
BM,2016,229,8/16/2016,10,0.41,3.09,7.05,2.05,,0.43,0,0
BM,2016,229,8/16/2016,12,0.45,3.2,7.33,2.09,,0.43,0,0
BM,2016,229,8/16/2016,16,0.48,3.03,8.09,2.14,,0.48,0.05,0.07
BM,2016,229,8/16/2016,18,0.47,2.87,8.57,2.13,,0.49,0.46,0.1
BM,2016,316,11/11/2016,0,0.39,2.77,7.36,2.09,,0.42,0,0
BM,2016,316,11/11/2016,0,0.39,2.77,7.35,2.09,,0.42,0,0
BM,2016,316,11/11/2016,10,0.39,2.76,7.32,2.09,,0.42,0,0
BM,2016,316,11/11/2016,18,0.4,2.76,7.28,2.08,,0.42,0.01,0
BM,2017,52,2/21/2017,0,0.57,3.11,7.22,2.15,1.04,0.44,0,0
BM,2017,52,2/21/2017,10,0.53,2.77,7.15,2.09,0.98,0.42,0.01,0
BM,2017,52,2/21/2017,10,0.53,2.79,7.1,2.08,0.97,0.42,0,0
BM,2017,52,2/21/2017,18,0.55,1.7,8.43,2.24,1.02,0.48,0.18,0.05
BM,2017,109,4/19/2017,0,0.49,2.74,6.68,1.96,0.87,0.41,0,0
BM,2017,109,4/19/2017,10,0.48,2.72,6.58,1.93,0.84,0.39,0,0
BM,2017,109,4/19/2017,18,0.48,2.73,6.61,1.95,0.83,0.39,0,0
BM,2017,109,4/19/2017,18,0.51,2.82,6.55,1.93,0.83,0.39,0,0
BM,2017,219,8/7/2017,0,0.45,2.54,6.79,2.05,1,0.32,0.01,0
BM,2017,219,8/7/2017,5,0.45,2.54,6.79,2.06,1.09,0.31,0,0
BM,2017,219,8/7/2017,8,0.45,2.46,6.8,2.03,0.96,0.3,0,0
BM,2017,219,8/7/2017,8,0.44,2.46,6.83,2.03,1,0.32,0,0
BM,2017,219,8/7/2017,12,0.49,2.65,7.33,2.08,1.05,0.35,0.01,0
BM,2017,219,8/7/2017,16,0.5,2.47,7.98,2.12,0.93,0.36,0.02,0.01
BM,2017,219,8/7/2017,18,0.51,2.36,8.2,2.14,1.01,0.38,0.04,0.05
BM,2017,312,11/8/2017,0,0.49,2.81,6.93,2.03,0.91,0.41,0,0
BM,2017,312,11/8/2017,10,0.5,2.82,6.91,2,0.88,0.42,0,0
BM,2017,312,11/8/2017,10,0.5,2.79,6.94,2.02,0.89,0.41,0,0
BM,2017,312,11/8/2017,18,0.5,2.8,6.93,2.02,0.89,0.42,0,0
BM,2018,51,2/20/2018,0,0.67,3.2,8.14,2.34,1.04,0.46,0.02,0
BM,2018,51,2/20/2018,10,0.64,2.93,7.68,2.29,1.05,0.48,0.01,0
BM,2018,51,2/20/2018,10,0.64,2.98,7.68,2.3,1.06,0.49,0.02,0
BM,2018,51,2/20/2018,18,0.67,2.15,8.59,2.43,1.07,0.57,0.34,0.05
BM,2018,136,5/16/2018,0,0.43,2.53,6.74,1.98,0.95,0.43,0,0
BM,2018,136,5/16/2018,10,0.43,2.55,6.86,2.01,0.95,0.42,0.01,0
BM,2018,136,5/16/2018,18,0.45,2.61,6.91,2.02,0.97,0.43,0.02,0
BM,2018,136,5/16/2018,18,0.45,2.61,6.93,2.02,0.96,0.43,0.02,0
BM,2018,218,8/6/2018,0,0.55,2.57,6.71,2.03,1.04,0.45,0.01,0
BM,2018,218,8/6/2018,5,0.57,5.58,6.76,2.03,1.07,0.46,0,0
BM,2018,218,8/6/2018,8,0.57,2.63,7.12,2.1,1.06,0.43,0,0
BM,2018,218,8/6/2018,8,0.58,2.63,6.99,2.09,1.06,0.43,0.01,0
BM,2018,218,8/6/2018,10,0.6,2.67,7.14,2.06,1.02,0.44,0.01,0
BM,2018,218,8/6/2018,16,0.62,2.68,7.57,2.1,1.05,0.48,0.06,0.02
BM,2018,218,8/6/2018,18,0.64,2.59,7.97,2.13,1.06,0.49,0.18,0.04
BM,2018,310,11/6/2018,0,0.58,2.71,6.59,2.01,0.9,0.41,0.01,0
BM,2018,310,11/6/2018,10,0.6,2.67,6.48,1.97,0.87,0.41,0.01,0
BM,2018,310,11/6/2018,10,0.58,2.69,6.54,1.99,0.88,0.4,0.01,0
BM,2018,310,11/6/2018,18,0.61,2.69,6.47,1.97,0.88,0.41,0.01,0
CB,2013,49,2/18/2013,0,0.32,0.72,0.87,0.28,0.27,0.5,0.34,0.03
CB,2013,49,2/18/2013,0,0.32,0.72,0.88,0.28,0.26,0.5,0.34,0.03
CB,2013,49,2/18/2013,2,0.31,0.36,1.01,0.23,0.24,0.45,0.5,0.03
CB,2013,133,5/13/2013,0,0.4,0.67,0.59,0.14,0.19,0.32,0.18,0.02
CB,2013,133,5/13/2013,2,0.46,0.78,0.93,0.2,0.24,0.45,0.43,0.03
CB,2013,133,5/13/2013,2,0.45,0.77,0.97,0.21,0.24,0.45,0.44,0.03
CB,2013,217,8/5/2013,0,0.11,0.28,0.53,0.21,0.25,0.25,0.28,0.02
CB,2013,217,8/5/2013,0,0.2,0.32,0.52,0.2,0.24,0.34,0.28,0.02
CB,2013,217,8/5/2013,2,0.33,0.67,2.33,0.28,0.4,0.4,1.02,0.04
CB,2013,311,11/7/2013,0,0.16,0.39,0.68,0.21,0.3,0.41,0.27,0.02
CB,2013,311,11/7/2013,0,0.15,0.38,0.68,0.21,0.31,0.4,0.27,0.02
CB,2013,311,11/7/2013,2,0.16,0.38,0.68,0.21,0.3,0.4,0.27,0.03
CB,2014,51,2/20/2014,0,0.33,0.64,0.47,0.22,0.07,0.45,0.35,0.03
CB,2014,51,2/20/2014,2,0.41,0.43,1.15,0.23,0.09,0.5,0.55,0.03
CB,2014,51,2/20/2014,2,0.3,0.41,1.12,0.22,0.07,0.48,0.55,0.03
CB,2014,141,5/21/2014,0,0.04,0.33,0.57,0.16,-0.25,0.33,0.23,0.02
CB,2014,141,5/21/2014,0,0.07,0.33,0.56,0.16,-0.27,0.33,0.23,0.02
CB,2014,141,5/21/2014,2,0.09,0.43,0.86,0.23,-0.23,0.49,0.52,0.03
CB,2014,225,8/13/2014,0,0.39,0.11,0.44,0.18,0.22,0.28,0.22,0.02
CB,2014,225,8/13/2014,0,0.39,0.11,0.45,0.18,0.22,0.28,0.22,0.02
CB,2014,225,8/13/2014,2,0.55,0.58,2.16,0.31,0.29,1.05,0.94,0.04
CB,2014,308,11/4/2014,0,0.2,0.54,0.59,0.2,0.22,0.43,0.27,0.02
CB,2014,308,11/4/2014,0,0.2,0.48,0.57,0.2,0.23,0.43,0.27,0.02
CB,2014,308,11/4/2014,2,0.46,0.59,0.57,0.2,0.21,0.43,0.28,0.02
CB,2015,65,3/6/2015,0,0.19,0.43,0.43,0.22,0.22,0.48,0.34,0.03
CB,2015,65,3/6/2015,0,0.19,0.11,0.42,0.22,0.23,0.51,0.34,0.03
CB,2015,65,3/6/2015,2,0.21,0.14,0.89,0.2,0.22,0.51,0.45,0.02
CB,2015,110,4/20/2015,0,0.14,0.35,0.68,0.17,0.19,0.37,0.27,0.02
CB,2015,110,4/20/2015,0,0.16,0.37,0.71,0.17,0.2,0.37,0.28,0.02
CB,2015,110,4/20/2015,2,0.1,0.4,1.39,0.22,0.24,0.53,0.54,0.03
CB,2015,224,8/12/2015,0,0.47,0.45,0.44,0.15,0.16,0.25,0.18,0.01
CB,2015,224,8/12/2015,0,0.51,0.45,0.45,0.15,0.15,0.25,0.18,0.02
CB,2015,224,8/12/2015,2,0.59,0.76,1.16,0.21,0.21,0.6,0.7,0.03
CB,2015,313,11/9/2015,0,0.24,0.3,0.64,0.18,0.44,0.33,0.21,0.02
CB,2015,313,11/9/2015,0,0.25,0.33,0.53,0.17,0.18,0.34,0.2,0.02
CB,2015,313,11/9/2015,2,0.24,0.3,0.52,0.17,0.18,0.35,0.19,0.02
CB,2016,55,2/24/2016,0,0.32,0.45,0.5,0.19,,0.4,0.29,0.02
CB,2016,55,2/24/2016,0,0.31,0.49,0.48,0.2,,0.41,0.29,0.02
CB,2016,55,2/24/2016,2,0.18,0.4,0.79,0.2,,0.41,0.42,0.02
CB,2016,113,4/22/2016,0,0.32,0.3,0.44,0.12,,0.25,0.2,0.01
CB,2016,113,4/22/2016,0,0.3,0.29,0.43,0.12,,0.25,0.2,0.01
CB,2016,113,4/22/2016,2,0.38,0.38,0.93,0.17,,0.38,0.48,0.02
CB,2016,230,8/17/2016,0,0.16,0.31,0.46,0.18,,0.15,0.22,0.02
CB,2016,230,8/17/2016,0,0.15,0.34,0.46,0.17,,0.15,0.21,0.02
CB,2016,230,8/17/2016,2,0.26,0.75,1.6,0.22,,0.76,0.7,0.03
CB,2016,315,11/10/2016,0,0.12,0.36,0.65,0.2,,0.3,0.23,0.02
CB,2016,315,11/10/2016,2,0.16,0.43,0.65,0.2,,0.3,0.22,0.02
CB,2016,315,11/10/2016,2,0.16,0.43,0.65,0.2,,0.31,0.23,0.02
CB,2017,54,2/23/2017,0,0.31,0.69,0.68,0.18,0.19,0.38,0.22,0.02
CB,2017,54,2/23/2017,0,0.32,0.7,0.67,0.17,0.18,0.36,0.22,0.02
CB,2017,54,2/23/2017,2,0.3,0.28,0.75,0.16,0.16,0.39,0.4,0.02
CB,2017,108,4/18/2017,0,0.25,0.42,0.5,0.12,0.04,0.29,0.23,0.02
CB,2017,108,4/18/2017,0,0.25,0.43,0.51,0.13,0.05,0.31,0.24,0.02
CB,2017,108,4/18/2017,2,0.3,0.46,0.66,0.16,0.08,0.38,0.39,0.02
CB,2017,219,8/7/2017,0,0.21,0.42,0.43,0.15,0,0.09,0.19,0.01
CB,2017,219,8/7/2017,2,0.23,0.42,0.53,0.17,0.02,0.33,0.35,0.02
CB,2017,219,8/7/2017,2,0.23,0.41,0.45,0.17,0.03,0.25,0.28,0.02
CB,2017,310,11/6/2017,0,0,1,0.58,0.17,0.08,0.28,0.18,0.02
CB,2017,310,11/6/2017,2,0,1,0.61,0.17,0.07,0.28,0.19,0.02
CB,2017,310,11/6/2017,2,0,1,0.59,0.17,0.08,0.28,0.18,0.02
CB,2018,54,2/23/2018,0,0.44,0.79,0.49,0.2,0.17,0.39,0.3,0.02
CB,2018,54,2/23/2018,0,0.43,0.78,0.49,0.2,0.18,0.41,0.3,0.02
CB,2018,54,2/23/2018,2,0.43,0.65,0.83,0.19,0.17,0.41,0.45,0.02
CB,2018,134,5/14/2018,0,0.21,0.34,0.45,0.13,0.12,0.25,0.16,0.02
CB,2018,134,5/14/2018,0,0.21,0.33,0.49,0.13,0.13,0.13,0.16,0.02
CB,2018,134,5/14/2018,2,0.41,0.41,0.82,0.2,0.18,0.47,0.46,0.02
CB,2018,219,8/7/2018,0,0.35,0.5,0.49,0.11,0.15,0.24,0.14,0.01
CB,2018,219,8/7/2018,2,0.4,0.47,0.43,0.17,0.2,0.37,0.59,0.02
CB,2018,219,8/7/2018,2,0.44,0.51,0.57,0.18,0.22,0.48,0.66,0.03
CB,2018,309,11/5/2018,0,0.22,0.55,0.55,0.17,0.13,0.3,0.19,0.02
CB,2018,309,11/5/2018,2,0.23,0.56,0.57,0.16,0.13,0.29,0.19,0.02
CB,2018,309,11/5/2018,2,0.22,0.56,0.56,0.17,0.13,0.3,0.19,0.02
CR,2013,57,2/26/2013,0,0.68,2.78,1.31,0.31,0.44,0.43,0.02,0.01
CR,2013,57,2/26/2013,10,0.57,2.34,1.1,0.26,0.37,0.35,0.02,0.03
CR,2013,57,2/26/2013,17,0.58,2.13,1.16,0.28,0.38,0.37,0.08,0.14
CR,2013,57,2/26/2013,17,0.57,2.16,1.16,0.28,0.38,0.37,0.08,0.14
CR,2013,134,5/14/2013,0,0.69,2.29,1.15,0.24,0.36,0.34,0,0.01
CR,2013,134,5/14/2013,10,0.69,2.32,1.17,0.24,0.37,0.37,0,0.01
CR,2013,134,5/14/2013,10,0.7,2.33,1.13,0.23,0.38,0.32,0,0.02
CR,2013,134,5/14/2013,18,0.72,2.43,1.21,0.25,0.39,0.34,0,0.07
CR,2013,220,8/8/2013,0,0.44,2.13,1.04,0.24,0.38,0.35,0.01,0.01
CR,2013,220,8/8/2013,8,0.45,2.14,1.05,0.24,0.38,0.36,0.01,0.02
CR,2013,220,8/8/2013,18,0.49,2.07,1.14,0.25,0.39,0.36,0.1,0.11
CR,2013,220,8/8/2013,18,0.48,2.06,1.11,0.25,0.39,0.38,0.1,0.11
CR,2013,317,11/13/2013,0,0.46,2.19,1.06,0.24,0.4,0.33,0,0.06
CR,2013,317,11/13/2013,10,0.45,2.19,1.06,0.24,0.4,0.33,0,0.06
CR,2013,317,11/13/2013,18,0.51,2.19,1.08,0.25,0.39,0.34,0,0.06
CR,2013,317,11/13/2013,18,0.46,2.19,1.06,0.24,0.37,0.32,0,0.06
CR,2014,72,3/13/2014,0,0.69,3.09,1.3,0.29,0.26,0.42,0,0.06
CR,2014,72,3/13/2014,10,0.58,2.65,1.09,0.24,0.2,0.34,0,0.06
CR,2014,72,3/13/2014,10,0.59,2.68,1.08,0.24,0.2,0.34,0,0.06
CR,2014,72,3/13/2014,18,0.66,2.7,1.07,0.25,0.2,0.35,0.01,0.09
CR,2014,142,5/22/2014,0,0.33,2.26,1.06,0.26,-0.08,0.29,0,0.01
CR,2014,142,5/22/2014,10,0.28,1.68,1.07,0.26,-0.14,0.3,0,0
CR,2014,142,5/22/2014,18,0.41,2.53,1.1,0.26,-0.09,0.29,0,0.04
CR,2014,142,5/22/2014,18,0.35,2.52,1.1,0.26,-0.08,0.3,0,0.03
CR,2014,225,8/13/2014,0,0.63,2.32,1.03,0.25,0.37,0.34,0.01,0
CR,2014,225,8/13/2014,5,0.68,2.35,1.04,0.25,0.37,0.34,0.01,0
CR,2014,225,8/13/2014,8,0.63,2.34,1.03,0.25,0.37,0.33,0.01,0
CR,2014,225,8/13/2014,12,0.64,2.5,1.05,0.26,0.38,0.33,0.02,0.07
CR,2014,225,8/13/2014,15,0.65,2.51,1.06,0.27,0.38,0.35,0.04,0.2
CR,2014,225,8/13/2014,18,0.65,2.47,1.07,0.28,0.39,0.36,0.06,0.22
CR,2014,225,8/13/2014,18,0.71,2.5,1.07,0.28,0.38,0.35,0.06,0.23
CR,2014,317,11/13/2014,0,0.5,2.44,1.01,0.25,0.39,0.37,0.04,0.06
CR,2014,317,11/13/2014,10,0.54,2.56,1.06,0.25,0.39,0.36,0.04,0.06
CR,2014,317,11/13/2014,10,0.5,2.53,1.06,0.25,0.38,0.35,0.05,0.06
CR,2014,317,11/13/2014,19,0.48,2.47,1.07,0.26,0.4,0.36,0.04,0.06
CR,2015,58,2/27/2015,0,0.51,2.42,0.85,0.25,0.32,0.3,0.01,0.05
CR,2015,58,2/27/2015,10,0.45,2.31,0.84,0.24,0.31,0.29,0.04,0.06
CR,2015,58,2/27/2015,10,0.46,2.33,0.87,0.24,0.32,0.31,0.05,0.06
CR,2015,58,2/27/2015,19,0.67,2,1.2,0.28,0.35,0.37,1.93,0.24
CR,2015,110,4/20/2015,0,0.49,2.7,1.52,0.26,0.42,0.37,0.01,0.03
CR,2015,110,4/20/2015,0,0.34,2.04,1.55,0.27,0.43,0.38,0.01,0.03
CR,2015,110,4/20/2015,10,0.34,1.9,1.54,0.27,0.43,0.37,0.01,0.02
CR,2015,110,4/20/2015,19,0.43,2.46,1.56,0.27,0.42,0.37,0.03,0.05
CR,2015,222,8/10/2015,0,0.99,2.57,1.05,0.23,0.33,0.33,0,0
CR,2015,222,8/10/2015,8,0.98,2.51,1.04,0.22,0.32,0.32,0,0
CR,2015,222,8/10/2015,12,0.97,2.67,1.06,0.23,0.33,0.32,0,0.02
CR,2015,222,8/10/2015,12,0.99,2.69,1.04,0.23,0.34,0.33,0,0.02
CR,2015,222,8/10/2015,15,0.99,0.63,1.13,0.24,0.34,0.34,0.02,0.16
CR,2015,222,8/10/2015,19,1.01,2.5,1.29,0.25,0.36,0.36,0.07,0.21
CR,2015,314,11/10/2015,0,0.81,2.36,1.05,0.24,0.33,0.32,0.01,0.05
CR,2015,314,11/10/2015,10,0.8,2.35,1.05,0.24,0.33,0.32,0.01,0.05
CR,2015,314,11/10/2015,18,0.81,2.31,1.11,0.24,0.34,0.34,0.06,0.11
CR,2015,314,11/10/2015,19,0.83,2.34,1.08,0.23,0.33,0.33,0.08,0.1
CR,2016,56,2/25/2016,0,0.64,2.7,1.14,0.29,,0.37,0,0.04
CR,2016,56,2/25/2016,10,0.56,2.42,1.03,0.25,,0.34,0,0.04
CR,2016,56,2/25/2016,18,0.57,2.41,1.18,0.28,,0.37,0.03,0.22
CR,2016,56,2/25/2016,19,0.6,2.34,1.19,0.28,,0.37,0.03,0.22
CR,2016,117,4/26/2016,0,0.59,2.41,1.08,0.22,,0.29,0,0
CR,2016,117,4/26/2016,10,0.59,2.41,1.11,0.23,,0.3,0,0.01
CR,2016,117,4/26/2016,10,0.6,2.41,1.12,0.23,,0.3,0,0.01
CR,2016,117,4/26/2016,18,0.61,2.45,1.16,0.24,,0.32,0.01,0.09
CR,2016,230,8/17/2016,0,0.38,2.25,1.06,0.25,,0.32,0,0
CR,2016,230,8/17/2016,5,0.38,2.25,1.05,0.25,,0.33,0,0
CR,2016,230,8/17/2016,10,0.39,2.38,1.18,0.26,,0.32,0,0
CR,2016,230,8/17/2016,12,0.39,2.39,1.23,0.27,,0.33,0.01,0.03
CR,2016,230,8/17/2016,15,0.41,2.37,1.35,0.28,,0.35,0.08,0.19
CR,2016,230,8/17/2016,19,0.41,2.29,1.39,0.29,,0.37,0.26,0.33
CR,2016,230,8/17/2016,19,0.41,2.33,1.38,0.28,,0.4,0.36,0.33
CR,2016,319,11/14/2016,0,0.41,2.28,1.16,0.27,,0.32,0.02,0.04
CR,2016,319,11/14/2016,10,0.41,2.3,1.17,0.27,,0.33,0.02,0.04
CR,2016,319,11/14/2016,19,0.45,1.45,1.69,0.29,,0.38,1.66,0.29
CR,2016,319,11/14/2016,19,0.44,1.58,1.64,0.29,,0.37,1.44,0.26
CR,2017,47,2/16/2017,0,0.75,2.96,1.42,0.31,0.42,0.41,0,0.05
CR,2017,47,2/16/2017,10,0.55,2.3,1.16,0.24,0.32,0.32,0,0.04
CR,2017,47,2/16/2017,19,0.58,2.13,1.27,0.25,0.33,0.35,0.02,0.13
CR,2017,47,2/16/2017,19,0.57,2.12,1.25,0.26,0.33,0.35,0.02,0.13
CR,2017,108,4/18/2017,0,0.52,2.3,1.07,0.22,0.23,0.31,0,0.03
CR,2017,108,4/18/2017,10,0.52,2.56,1.07,0.22,0.23,0.31,0,0.03
CR,2017,108,4/18/2017,10,0.53,2.3,1.07,0.22,0.22,0.31,0,0.03
CR,2017,108,4/18/2017,19,0.53,2.25,1.04,0.22,0.24,0.31,0,0.02
CR,2017,220,8/8/2017,0,0.41,2.37,1.07,0.25,0.29,0.24,0,0
CR,2017,220,8/8/2017,0,0.41,2.19,1.08,0.25,0.29,0.22,0,0
CR,2017,220,8/8/2017,5,0.41,2.17,1.09,0.25,0.28,0.24,0,0
CR,2017,220,8/8/2017,10,0.41,2.24,1.1,0.25,0.29,0.2,0,0
CR,2017,220,8/8/2017,12,0.42,2.29,1.14,0.26,0.32,0.25,0,0
CR,2017,220,8/8/2017,15,0.42,2.19,1.23,0.26,0.31,0.24,0.01,0.13
CR,2017,220,8/8/2017,19,0.43,2.05,1.32,0.27,0.27,0.23,0.06,0.18
CR,2017,317,11/13/2017,0,0.55,2.11,1.09,0.24,0.23,0.31,0.01,0.04
CR,2017,317,11/13/2017,0,0.54,2.15,1.1,0.25,0.23,0.32,0.01,0.04
CR,2017,317,11/13/2017,10,0.58,2.28,1.11,0.25,0.24,0.32,0.01,0.04
CR,2017,317,11/13/2017,19,0.55,2.11,1.12,0.25,0.24,0.32,0.02,0.04
CR,2018,50,2/19/2018,0,0.65,2.19,1.53,0.35,0.44,0.47,0,0.04
CR,2018,50,2/19/2018,10,0.66,2.39,1.26,0.32,0.35,0.36,0.02,0.04
CR,2018,50,2/19/2018,19,0.68,2.22,1.49,0.29,0.34,0.39,0.34,0.15
CR,2018,50,2/19/2018,19,0.68,2.21,1.51,0.29,0.35,0.39,0.34,0.15
CR,2018,135,5/15/2018,0,0.46,2.04,1.07,0.24,0.33,0.33,0,0.02
CR,2018,135,5/15/2018,10,0.47,2.09,1.11,0.25,0.33,0.34,0,0.03
CR,2018,135,5/15/2018,10,0.47,2.09,1.11,0.25,0.33,0.33,0,0.03
CR,2018,135,5/15/2018,19,0.48,2.04,1.14,0.26,0.35,0.35,0.03,0.07
CR,2018,220,8/8/2018,0,0.6,2.06,1.01,0.2,0.36,0.34,0,0
CR,2018,220,8/8/2018,5,0.61,2.06,1.02,0.2,0.37,0.34,0,0
CR,2018,220,8/8/2018,8,0.61,2.15,1.08,0.21,0.37,0.34,0,0
CR,2018,220,8/8/2018,10,0.61,2.48,1.11,0.22,0.37,0.34,0,0
CR,2018,220,8/8/2018,15,0.61,1.65,1.25,0.23,0.37,0.37,0.12,0.12
CR,2018,220,8/8/2018,19,0.7,2.27,1.31,0.24,0.38,0.38,0.82,0.2
CR,2018,220,8/8/2018,19,0.65,2.04,1.32,0.24,0.38,0.38,0.83,0.2
CR,2018,315,11/11/2018,0,0.62,2.18,1.07,0.25,0.32,0.32,0.01,0.02
CR,2018,315,11/11/2018,10,0.63,2.25,1.07,0.25,0.32,0.32,0.02,0.02
CR,2018,315,11/11/2018,10,0.64,2.38,1.07,0.26,0.32,0.32,0.01,0.02
CR,2018,315,11/11/2018,19,0.63,2.19,1.04,0.25,0.31,0.31,0.02,0.02
FI,2013,45,2/14/2013,0,8.97,1.56,30.21,23.6,5.29,2.69,0,0
FI,2013,45,2/14/2013,4,,,29.84,23.82,4.66,2.7,0,0
FI,2013,45,2/14/2013,8,9.14,1.57,29.98,23.5,5.36,2.72,0,0
FI,2013,45,2/14/2013,12,,,30.74,23.98,5.31,2.71,0,0
FI,2013,45,2/14/2013,16,8.98,1.41,33.05,24.29,5.26,2.74,0,0.29
FI,2013,45,2/14/2013,16,9.02,1.56,30.1,23.33,5.26,2.7,0,0
FI,2013,128,5/8/2013,0,8.67,2.69,28.49,21.14,4.72,2.46,0,0
FI,2013,128,5/8/2013,4,,,28.82,21.78,4.63,2.47,0,0
FI,2013,128,5/8/2013,8,8.57,2.35,29.19,21.67,4.68,2.5,0,0
FI,2013,128,5/8/2013,8,8.65,2.53,28.97,21.5,4.69,2.52,0,0
FI,2013,128,5/8/2013,12,,,29.03,21.5,4.67,2.5,0,0
FI,2013,128,5/8/2013,16,3.65,0.98,29.87,21.96,4.74,2.55,0,0.08
FI,2013,140,5/20/2013,0,,,27.64,20.97,4.64,2.26,0,0
FI,2013,140,5/20/2013,4,,,28.33,21.47,4.66,2.29,0,0
FI,2013,140,5/20/2013,8,,,29.91,21.59,4.7,2.31,0,0
FI,2013,140,5/20/2013,8,,,28.7,21.44,4.75,2.33,0,0
FI,2013,140,5/20/2013,12,,,29.28,21.45,4.72,2.36,0,0
FI,2013,140,5/20/2013,16,,,29.93,21.73,4.71,2.38,0,0.1
FI,2013,150,5/30/2013,0,,,26.94,20.8,4.62,2.23,0,0
FI,2013,150,5/30/2013,4,,,27.29,20.94,4.74,2.25,0,0.01
FI,2013,150,5/30/2013,4,,,27.37,21.11,4.85,2.23,0,0.01
FI,2013,164,6/13/2013,0,,,24.49,20.69,4.59,2.28,0,0
FI,2013,164,6/13/2013,4,,,25.98,20.58,4.68,2.29,0,0
FI,2013,164,6/13/2013,8,,,28.69,21.14,4.7,2.32,0,0
FI,2013,164,6/13/2013,10,,,29.61,21.39,4.75,2.36,0,0.02
FI,2013,164,6/13/2013,12,,,29.12,21.14,4.64,2.36,0,0.02
FI,2013,164,6/13/2013,14,,,29.52,21.1,5.52,2.43,0,0.18
FI,2013,164,6/13/2013,14,,,31.16,22.39,4.87,2.53,0.01,0.2
FI,2013,164,6/13/2013,16,,,29.68,21.2,5.19,2.4,0.06,0.35
FI,2013,164,6/13/2013,18,,,30.11,21.44,4.82,2.41,0.09,0.44
FI,2013,177,6/26/2013,0,,,20.44,20.08,4.41,2.26,0,0
FI,2013,177,6/26/2013,0,,,20.4,20.03,4.31,2.26,0,0
FI,2013,177,6/26/2013,4,,,22.17,20.92,4.48,2.32,0,0
FI,2013,191,7/10/2013,0,,,19.61,19.36,4.39,2.12,0,0.03
FI,2013,191,7/10/2013,4,,,20.95,19.77,4.4,2.12,0,0
FI,2013,191,7/10/2013,8,,,29.02,21.09,4.72,2.25,0,0
FI,2013,191,7/10/2013,10,,,30.97,21.4,4.69,2.29,0,0
FI,2013,191,7/10/2013,12,,,31.15,21.42,4.73,2.32,0,0.08
FI,2013,191,7/10/2013,14,,,30.36,21.25,4.67,2.3,0,0.27
FI,2013,191,7/10/2013,16,,,30.34,21.29,4.84,2.36,0.19,0.61
FI,2013,191,7/10/2013,16,,,31.07,21.84,4.86,2.35,0.24,0.62
FI,2013,191,7/10/2013,18,,,30.6,21.39,4.77,2.32,0.49,0.65
FI,2013,204,7/23/2013,0,,,16.57,15.42,4.18,2.4,0,0
FI,2013,204,7/23/2013,0,,,18.23,18.23,4.32,2.39,0,0
FI,2013,204,7/23/2013,4,,,17.67,18.82,4.33,2.39,0,0
FI,2013,219,8/7/2013,0,8.52,2.32,19.74,19.9,4.45,2.4,0,0
FI,2013,219,8/7/2013,4,8.49,1.71,19.71,19.54,4.5,2.39,0,0
FI,2013,219,8/7/2013,4,8.53,1.89,19.42,19.56,4.49,2.39,0,0
FI,2013,219,8/7/2013,6,8.48,2.41,24.93,20.34,4.51,2.39,0,0
FI,2013,219,8/7/2013,8,8.6,2.23,29.76,20.86,4.6,2.44,0,0
FI,2013,219,8/7/2013,10,,,31.44,20.94,4.59,2.45,0,0.06
FI,2013,219,8/7/2013,12,8.64,2.46,30.88,21.03,4.65,2.48,0.01,0.19
FI,2013,219,8/7/2013,14,,,31.08,21.14,4.64,2.52,0.29,0.45
FI,2013,219,8/7/2013,16,8.65,1.63,30.91,20.82,4.64,2.54,0.78,0.6
FI,2013,219,8/7/2013,18,8.76,1.58,31.2,21.05,4.69,2.58,1,0.64
FI,2013,232,8/20/2013,0,,,19.54,20.52,4.45,2.42,0,0
FI,2013,232,8/20/2013,4,,,20.07,20.31,4.52,2.44,0,0
FI,2013,232,8/20/2013,4,,,19.94,20.09,4.59,2.42,0,0
FI,2013,255,9/12/2013,0,,,20.1,20.54,4.5,2.39,0,0
FI,2013,255,9/12/2013,4,,,19.86,20.05,4.82,2.38,0,0
FI,2013,255,9/12/2013,8,,,30.61,21.15,4.5,2.42,0.01,0.08
FI,2013,255,9/12/2013,10,,,31.74,21.3,4.65,2.48,0.05,0.13
FI,2013,255,9/12/2013,12,,,31.52,21.26,4.6,2.49,0.26,0.3
FI,2013,255,9/12/2013,12,,,31.62,21.27,4.52,2.52,0.35,0.35
FI,2013,255,9/12/2013,14,,,31.7,21.23,4.66,2.54,0.48,0.42
FI,2013,255,9/12/2013,16,,,-99,-99,-99,-99,-99,-99
FI,2013,255,9/12/2013,18,,,-99,-99,-99,-99,-99,-99
FI,2013,276,10/3/2013,0,,,20.93,20.26,4.32,2.36,0,0
FI,2013,276,10/3/2013,4,,,20.62,20.11,4.3,2.33,0,0
FI,2013,276,10/3/2013,8,,,23.06,20.25,4.34,2.35,0,0
FI,2013,276,10/3/2013,16,,,32.02,21.27,4.53,2.54,0.81,0.54
FI,2013,276,10/3/2013,16,,,31.96,21.14,4.46,2.51,0.84,0.54
FI,2013,305,11/1/2013,0,8.68,3.09,25.57,21.2,4.82,2.44,0,0
FI,2013,305,11/1/2013,0,8.66,3.18,25.91,21.41,4.79,2.41,0.01,0
FI,2013,305,11/1/2013,4,8.67,2.98,25.73,21.23,4.74,2.38,0,0
FI,2013,305,11/1/2013,16,8.74,3.18,26.56,21.26,4.86,2.42,0.02,0.07
FI,2014,85,3/26/2014,0,9.15,1.61,28.82,22.54,4.88,2.46,0,0
FI,2014,85,3/26/2014,4,,,29.72,23.23,5.02,2.5,0,0
FI,2014,85,3/26/2014,8,9.62,1.64,29.67,23.4,5,2.51,0,0
FI,2014,85,3/26/2014,12,,,-99,-99,-99,-99,-99,-99
FI,2014,85,3/26/2014,16,9.6,1.32,33.42,23.96,5.19,2.59,0.07,0.87
FI,2014,85,3/26/2014,16,9.6,1.34,33.45,23.89,5.06,2.59,0.08,0.88
FI,2014,121,5/1/2014,0,8.53,1.55,28.52,21.64,4.5,2.29,0,0
FI,2014,121,5/1/2014,4,,,28.35,21.28,4.58,2.26,0,0
FI,2014,121,5/1/2014,8,8.46,1.54,28.27,21.36,4.56,2.27,0,0
FI,2014,121,5/1/2014,12,,,28.42,21.35,4.54,2.28,0,0
FI,2014,121,5/1/2014,16,8.52,1.55,28.11,21.58,5.84,2.31,0,0
FI,2014,121,5/1/2014,16,8.72,1.57,28.4,21.28,4.86,2.28,0,0
FI,2014,133,5/13/2014,0,,,28.49,21.34,4.46,2.21,0,0
FI,2014,133,5/13/2014,4,,,28.36,21.43,4.56,2.21,0,0
FI,2014,133,5/13/2014,8,,,28.47,21.62,4.58,2.26,0,0
FI,2014,133,5/13/2014,8,,,28.98,21.57,4.63,2.25,0,0
FI,2014,133,5/13/2014,12,,,28.73,21.63,4.57,2.27,0,0
FI,2014,133,5/13/2014,16,,,29.1,21.43,4.65,2.28,0,0
FI,2014,149,5/29/2014,0,,,28.44,20.99,2.34,2.31,0.01,0
FI,2014,149,5/29/2014,0,,,28.69,21.16,2.27,2.3,0,0
FI,2014,149,5/29/2014,4,,,28.96,21.18,2.17,2.29,0,0
FI,2014,162,6/11/2014,0,,,25.72,21.09,2.11,2.24,0,0
FI,2014,162,6/11/2014,4,,,25.75,20.92,2,2.23,0,0
FI,2014,162,6/11/2014,4,,,25.89,21.13,1.84,2.22,0,0
FI,2014,162,6/11/2014,8,,,28.93,21.11,1.97,2.31,0,0
FI,2014,162,6/11/2014,10,,,29.2,21.3,2.12,2.32,0,0.01
FI,2014,162,6/11/2014,12,,,29.35,21.42,2.14,2.32,0,0.03
FI,2014,162,6/11/2014,14,,,29.26,21.36,2.09,2.34,0.04,0.15
FI,2014,162,6/11/2014,16,,,29.71,21.43,2.02,2.34,0.27,0.39
FI,2014,162,6/11/2014,18,,,29.64,21.31,1.99,2.36,0.33,0.41
FI,2014,176,6/25/2014,0,,,22,19.97,4.17,2.28,0,0
FI,2014,176,6/25/2014,4,,,23.48,20.15,4.14,2.31,0,0
FI,2014,176,6/25/2014,4,,,23.43,20.08,4.07,2.3,0,0
FI,2014,189,7/8/2014,0,,,21.97,20.37,4.44,2.33,0,0
FI,2014,189,7/8/2014,4,,,22.3,20.05,4.46,2.28,0,0
FI,2014,189,7/8/2014,8,,,28.79,20.95,4.09,2.39,0,0
FI,2014,189,7/8/2014,10,,,29.03,20.78,4.32,2.45,0,0.01
FI,2014,189,7/8/2014,12,,,29.21,21,4.13,2.46,0,0.14
FI,2014,189,7/8/2014,12,,,29.28,21.49,4.54,2.45,0,0.14
FI,2014,189,7/8/2014,14,,,29.09,20.82,4.11,2.45,0.09,0.36
FI,2014,189,7/8/2014,16,,,29.72,21.2,4.22,2.52,0.49,0.45
FI,2014,189,7/8/2014,18,,,-99,-99,-99,-99,-99,-99
FI,2014,203,7/22/2014,0,,,20.2,19.49,4.12,2.26,0.02,0
FI,2014,203,7/22/2014,0,,,20.37,19.32,4.25,2.3,0.02,0
FI,2014,203,7/22/2014,4,,,21.58,19.2,4.12,2.3,0.02,0
FI,2014,219,8/7/2014,0,8.57,1.49,17.86,19.36,4.24,2.28,0.02,0
FI,2014,219,8/7/2014,4,8.55,1.6,19.94,19.14,4.22,2.29,0.02,0
FI,2014,219,8/7/2014,6,8.44,1.69,24.03,19.49,4.21,2.31,0.02,0.04
FI,2014,219,8/7/2014,8,8.45,0.66,29.7,19.73,4.3,2.37,0.02,0.04
FI,2014,219,8/7/2014,10,,,28.92,19.99,4.21,2.4,0.07,0.09
FI,2014,219,8/7/2014,12,8.44,1.01,28.89,19.83,4.23,2.43,0.24,0.34
FI,2014,219,8/7/2014,14,,,29.48,20.14,4.24,2.47,0.74,0.47
FI,2014,219,8/7/2014,14,8.46,0.66,29.29,20.19,4.31,2.47,0.74,0.47
FI,2014,219,8/7/2014,16,8.46,0.63,29.42,20.08,4.26,2.5,0.8,0.48
FI,2014,219,8/7/2014,18,-99,1.52,-99,-99,-99,-99,-99,-99
FI,2014,230,8/18/2014,0,,,19.01,19.37,4.43,2.29,0.01,0
FI,2014,230,8/18/2014,0,,,18.99,19.51,4.6,2.32,0.02,0
FI,2014,230,8/18/2014,4,,,18.93,19.39,4.44,2.27,0.02,0
FI,2014,252,9/9/2014,0,,,19.88,19.55,4.46,2.31,0.01,0
FI,2014,252,9/9/2014,4,,,19.23,19.28,4.41,2.31,0.02,0
FI,2014,252,9/9/2014,8,,,30.09,19.68,4.39,2.36,0.03,0.05
FI,2014,252,9/9/2014,10,,,30.14,19.81,4.47,2.37,0.1,0.11
FI,2014,252,9/9/2014,12,,,30.02,19.98,4.41,2.41,0.38,0.32
FI,2014,252,9/9/2014,12,,,29.73,19.66,4.35,2.42,0.37,0.32
FI,2014,252,9/9/2014,14,,,30.56,19.79,4.37,2.43,0.55,0.4
FI,2014,252,9/9/2014,16,,,30.37,19.89,4.37,2.44,0.72,0.45
FI,2014,252,9/9/2014,18,,,30.95,19.83,4.49,2.54,0.86,0.48
FI,2014,275,10/2/2014,0,,,21.33,20.18,4.54,2.44,0.02,0.01
FI,2014,275,10/2/2014,4,,,21.62,20.48,4.58,2.44,0,0
FI,2014,275,10/2/2014,8,,,21.09,20.56,4.51,2.43,0,0.01
FI,2014,275,10/2/2014,16,,,30.59,20.7,4.47,2.56,0.78,0.46
FI,2014,275,10/2/2014,16,,,30,20.68,4.5,2.55,0.75,0.45
FI,2014,308,11/4/2014,0,8.69,1.45,28.06,20.82,5.3,2.4,0.02,0
FI,2014,308,11/4/2014,4,8.67,1.41,28.53,20.96,5.22,2.38,0.02,0
FI,2014,308,11/4/2014,16,8.68,1.45,28.53,21.12,5.34,2.4,0.02,0
FI,2014,308,11/4/2014,16,8.68,1.45,28.23,20.91,5.33,2.4,0.03,0
FI,2015,16,1/16/2015,0,9.17,1.67,25.29,19.73,4.44,2.34,0,0
FI,2015,16,1/16/2015,4,,,24.91,19.75,4.78,2.33,0,0
FI,2015,16,1/16/2015,8,9.22,1.7,25.21,19.73,4.69,2.38,0,0
FI,2015,16,1/16/2015,12,,,25.55,19.98,4.49,2.38,0,0
FI,2015,16,1/16/2015,16,9.35,1.66,26.91,20.26,4.6,2.36,0.01,0.19
FI,2015,16,1/16/2015,16,9.43,1.68,26.2,20.11,4.71,2.48,0.01,0.18
FI,2015,89,3/30/2015,0,,,37.8,22.07,6.38,2.67,0,0
FI,2015,89,3/30/2015,0,,,37.19,21.94,5.76,2.41,0.01,0
FI,2015,89,3/30/2015,4,,,37.62,22.05,6.67,2.71,0,0
FI,2015,105,4/15/2015,0,8.61,1.71,38.2,21.9,5.64,2.36,0,0
FI,2015,105,4/15/2015,0,8.56,1.71,38.13,21.78,5.66,2.37,0,0
FI,2015,105,4/15/2015,4,,,37.99,21.78,5.58,2.32,0,0
FI,2015,105,4/15/2015,8,8.59,1.77,38.03,21.69,5.64,2.32,0,0
FI,2015,105,4/15/2015,12,,,38.05,21.76,5.5,2.31,0.01,0
FI,2015,105,4/15/2015,16,8.58,1.78,38.06,21.83,5.62,2.32,0.01,0.01
FI,2015,120,4/30/2015,0,,,38.49,21.38,5.45,2.26,0,0
FI,2015,120,4/30/2015,4,,,38.83,21.74,5.43,2.27,0,0
FI,2015,120,4/30/2015,4,,,39.03,21.59,5.49,2.33,0,0
FI,2015,132,5/12/2015,0,,,29.34,21.21,4.53,2.31,0.01,0
FI,2015,132,5/12/2015,4,,,29.85,21.6,4.86,2.36,0.01,0.01
FI,2015,132,5/12/2015,4,,,29.65,21.67,4.69,2.41,0.01,0
FI,2015,132,5/12/2015,8,,,30.19,21.77,4.71,2.38,0,0
FI,2015,132,5/12/2015,12,,,31.01,21.9,4.71,2.42,0,0
FI,2015,132,5/12/2015,16,,,30.36,21.72,4.79,2.45,0.02,0.21
FI,2015,149,5/29/2015,0,,,28.98,21.37,4.69,2.35,0.01,0
FI,2015,149,5/29/2015,4,,,29.38,21.54,4.84,2.29,0.01,0
FI,2015,149,5/29/2015,4,,,29.3,21.22,5,2.31,0.01,0
FI,2015,161,6/10/2015,0,,,25.22,21.48,4.89,2.31,0,0
FI,2015,161,6/10/2015,4,,,27.11,21.62,4.81,2.31,0,0
FI,2015,161,6/10/2015,8,,,31.23,21.84,4.88,2.39,0,0
FI,2015,161,6/10/2015,10,,,31.9,21.95,4.97,2.45,0.01,0
FI,2015,161,6/10/2015,12,,,32.37,22.25,5.07,2.47,0.01,0
FI,2015,161,6/10/2015,12,,,32.47,21.9,4.91,2.24,0.01,0
FI,2015,161,6/10/2015,14,,,32.23,22.16,5.01,2.47,0.08,0.26
FI,2015,161,6/10/2015,16,,,32.56,21.99,5,2.48,0.52,0.54
FI,2015,161,6/10/2015,18,,,32.95,22.43,4.93,2.5,0.41,0.56
FI,2015,176,6/25/2015,0,,,23.2,20.99,4.93,2.27,0,0
FI,2015,176,6/25/2015,4,,,24.54,21.04,4.83,2.28,0,0
FI,2015,176,6/25/2015,4,,,24.59,20.88,4.83,2.31,0,0
FI,2015,188,7/7/2015,0,,,23.57,21.25,99.99,2.33,0,0
FI,2015,188,7/7/2015,4,,,24.59,21.17,4.99,2.3,0,0
FI,2015,188,7/7/2015,8,,,32.38,21.89,5.01,2.37,0,0
FI,2015,188,7/7/2015,10,,,33.62,21.74,5.1,2.33,0,0
FI,2015,188,7/7/2015,12,,,32.94,21.87,5.05,2.43,0.01,0.35
FI,2015,188,7/7/2015,12,,,33.61,21.88,5.05,2.41,0.01,0.34
FI,2015,188,7/7/2015,14,,,33.08,21.83,5.05,2.41,0.23,0.45
FI,2015,188,7/7/2015,16,,,33.57,21.96,5.1,2.44,0.7,0.55
FI,2015,188,7/7/2015,18,,,33.67,21.66,5.25,2.45,0.49,0.56
FI,2015,202,7/21/2015,0,,,22.38,20.95,5.03,2.29,0,0
FI,2015,202,7/21/2015,4,,,23.68,21,5.14,2.31,0,0
FI,2015,202,7/21/2015,4,,,23.65,21.08,5.05,2.34,0,0
FI,2015,218,8/6/2015,0,9.17,1.54,20.73,20.13,4.94,2.35,0.01,0
FI,2015,218,8/6/2015,4,9.18,1.53,21.36,20.03,5.15,2.39,0,0
FI,2015,218,8/6/2015,6,8.88,1.58,28.62,20.27,4.99,2.39,0,0.13
FI,2015,218,8/6/2015,8,8.94,1.82,31.22,20.47,5.05,2.39,0,0.05
FI,2015,218,8/6/2015,10,,,31.27,20.26,4.87,2.39,0.06,0.13
FI,2015,218,8/6/2015,12,8.96,1.14,31.4,20.56,4.96,2.37,0.21,0.33
FI,2015,218,8/6/2015,12,8.97,1.11,31.41,20.46,5.07,2.49,0.19,0.34
FI,2015,218,8/6/2015,14,,,31.76,20.54,5,2.45,0.46,0.45
FI,2015,218,8/6/2015,16,9.01,0.88,31.91,20.6,4.93,2.48,0.69,0.51
FI,2015,218,8/6/2015,18,9.04,0.81,32.45,20.71,5.06,2.53,0.78,0.53
FI,2015,230,8/18/2015,0,,,20.71,21.31,5.27,2.32,0,0
FI,2015,230,8/18/2015,0,,,20.78,21.34,5.44,2.34,0,0
FI,2015,230,8/18/2015,4,,,22.31,21.46,5.23,2.39,0,0
FI,2015,243,8/31/2015,0,,,22.81,21.39,5.21,2.36,0,0
FI,2015,243,8/31/2015,4,,,22.87,21.5,5.19,2.32,0,0.01
FI,2015,243,8/31/2015,8,,,33.89,21.72,5.11,2.35,0.03,0.14
FI,2015,243,8/31/2015,8,,,33.66,21.82,5.13,2.31,0.02,0.14
FI,2015,243,8/31/2015,10,,,33.92,21.47,5.02,2.35,0.1,0.16
FI,2015,243,8/31/2015,12,,,33.96,21.71,5.11,2.39,0.35,0.39
FI,2015,243,8/31/2015,14,,,35.11,22.14,5.22,2.43,0.7,0.52
FI,2015,243,8/31/2015,16,,,36.54,22.03,5.09,2.52,1.05,0.6
FI,2015,243,8/31/2015,18,,,36.79,22.03,5.22,2.59,1.16,0.62
FI,2015,281,10/8/2015,0,,,24.28,21.14,4.58,2.44,0.01,0
FI,2015,281,10/8/2015,4,,,24.2,21.03,4.62,2.45,0.01,0
FI,2015,281,10/8/2015,4,,,24.04,20.97,4.63,2.42,0.01,0
FI,2015,281,10/8/2015,8,,,24.13,20.95,4.51,2.41,0.01,0.01
FI,2015,281,10/8/2015,16,,,35.35,21.55,4.53,2.61,0.99,0.57
FI,2015,308,11/4/2015,0,9.7,1.19,27.44,21.03,4.58,2.41,0.01,0
FI,2015,308,11/4/2015,4,8.87,1.69,27.01,21.09,4.57,2.4,0.01,0
FI,2015,308,11/4/2015,16,9.55,1.24,27.26,20.98,4.59,2.41,0.02,0.04
FI,2015,308,11/4/2015,16,8.87,1.76,27.37,20.85,4.6,2.42,0.02,0.04
FI,2016,47,2/16/2016,0,3.42,0.59,30.34,22.19,,2.46,0.01,0
FI,2016,47,2/16/2016,4,,,29.52,21.64,,2.38,0.01,0
FI,2016,47,2/16/2016,8,9.27,1.63,29.84,21.55,,2.38,0.01,0
FI,2016,47,2/16/2016,12,,,30.19,21.82,,2.35,0.01,0.01
FI,2016,47,2/16/2016,16,9.33,1.84,30.91,21.72,,2.41,0.06,0.3
FI,2016,47,2/16/2016,16,9.36,1.85,31.37,21.73,,2.42,0.06,0.29
FI,2016,95,4/4/2016,0,,,31.38,20.22,,2.2,0.01,0
FI,2016,95,4/4/2016,0,,,31.25,20.09,,2.21,0.02,0
FI,2016,95,4/4/2016,4,,,30.84,20.14,,2.2,0.01,0
FI,2016,102,4/11/2016,0,8.64,1.53,31.52,20.09,,2.12,0.01,0
FI,2016,102,4/11/2016,4,,,31.28,20.3,,2.11,0.02,0
FI,2016,102,4/11/2016,8,8.69,1.58,31.47,20.22,,2.16,0.01,0
FI,2016,102,4/11/2016,8,8.6,1.57,31.32,20.2,,2.16,0.01,0
FI,2016,102,4/11/2016,12,,,31.44,20.33,,2.1,0.01,0
FI,2016,102,4/11/2016,16,8.59,99.99,31.62,20.41,,2.15,0.01,0
FI,2016,120,4/29/2016,0,,,33.01,22.92,,2.48,0.01,0
FI,2016,120,4/29/2016,4,,,33.31,23.07,,2.48,0.01,0
FI,2016,120,4/29/2016,4,,,32.73,22.72,,2.48,0.01,0
FI,2016,133,5/12/2016,0,,,34.44,23.38,,2.6,0.01,0
FI,2016,133,5/12/2016,4,,,33.64,23.16,,2.61,0.01,0
FI,2016,133,5/12/2016,4,,,33.95,23.48,,2.6,0.01,0
FI,2016,133,5/12/2016,8,,,33.59,23.23,,2.59,0.01,0
FI,2016,133,5/12/2016,12,,,34.37,23.76,,2.62,0.02,0.07
FI,2016,133,5/12/2016,16,,,35.13,23.64,,2.65,0.11,0.35
FI,2016,145,5/24/2016,0,,,32.92,23.21,,2.55,0.01,0
FI,2016,145,5/24/2016,4,,,33.45,23.33,,2.55,0.01,0
FI,2016,145,5/24/2016,4,,,33.74,23.11,,2.54,0.01,0
FI,2016,158,6/6/2016,0,,,30.64,22.64,,2.45,0.01,0
FI,2016,158,6/6/2016,4,,,30.65,22.63,,2.41,0,0
FI,2016,158,6/6/2016,4,,,30.55,22.63,,2.47,0.02,0
FI,2016,158,6/6/2016,8,,,33.38,22.75,,2.52,0,0
FI,2016,158,6/6/2016,10,,,33.96,22.8,,2.54,0.02,0.03
FI,2016,158,6/6/2016,12,,,34.04,22.81,,2.52,0.02,0.05
FI,2016,158,6/6/2016,14,,,33.73,22.59,,2.56,0.06,0.27
FI,2016,158,6/6/2016,16,,,34.17,22.65,,2.57,0.41,0.56
FI,2016,158,6/6/2016,18,,,34.66,22.98,,2.61,0.48,0.57
FI,2016,174,6/22/2016,0,,,23.65,22.35,,2.42,0,0
FI,2016,174,6/22/2016,0,,,23.71,22.5,,2.36,0,0
FI,2016,174,6/22/2016,4,,,24.88,22.18,,2.41,0,0
FI,2016,190,7/8/2016,0,,,22.62,22,,2.35,0,0
FI,2016,190,7/8/2016,4,,,22.85,22.14,,2.36,0,0
FI,2016,190,7/8/2016,8,,,34.45,22.97,,2.49,0,0
FI,2016,190,7/8/2016,10,,,36.08,23.03,,2.5,0,0.02
FI,2016,190,7/8/2016,10,,,35.77,23.01,,2.51,0,0.01
FI,2016,190,7/8/2016,12,,,35.02,23.23,,2.52,0.02,0.4
FI,2016,190,7/8/2016,14,,,34.81,23.49,,2.57,0.46,0.52
FI,2016,190,7/8/2016,16,,,35.5,23.36,,2.59,0.85,0.6
FI,2016,190,7/8/2016,18,,,35.52,23.3,,2.58,0.92,0.61
FI,2016,203,7/21/2016,0,,,20.56,22.01,,2.35,0,0
FI,2016,203,7/21/2016,4,,,21.95,22.31,,2.37,0,0
FI,2016,203,7/21/2016,4,,,22.28,22.06,,2.36,0,0
FI,2016,218,8/5/2016,0,8.47,1.9,18.99,21.56,,2.3,0,0
FI,2016,218,8/5/2016,4,8.49,1.94,20.81,21.74,,2.34,0,0
FI,2016,218,8/5/2016,6,8.57,2.09,30.04,22.68,,2.44,0,0.05
FI,2016,218,8/5/2016,8,8.68,2.26,35.46,23,,2.46,0,0.05
FI,2016,218,8/5/2016,10,,,35.87,23.01,,2.48,0.1,0.19
FI,2016,218,8/5/2016,12,8.68,1.33,35.39,22.89,,2.52,0.33,0.41
FI,2016,218,8/5/2016,12,8.72,1.34,35.6,22.9,,2.54,0.33,0.4
FI,2016,218,8/5/2016,14,,,35.23,22.87,,2.53,0.48,0.47
FI,2016,218,8/5/2016,16,8.64,1.24,35.28,23.2,,2.54,0.61,0.53
FI,2016,218,8/5/2016,18,8.76,1.16,36.11,22.9,,2.6,0.85,0.58
FI,2016,228,8/15/2016,0,,,19.15,21.49,,2.33,0,0
FI,2016,228,8/15/2016,0,,,19.01,21.32,,2.33,0,0
FI,2016,228,8/15/2016,4,,,19.51,21.3,,2.38,0,0
FI,2016,245,9/1/2016,0,,,18.74,21.06,,2.3,0,0
FI,2016,245,9/1/2016,0,,,18.82,21.12,,2.32,0,0
FI,2016,245,9/1/2016,4,,,18.99,20.95,,2.32,0,0
FI,2016,245,9/1/2016,8,,,36.05,22.97,,2.5,0.04,0.07
FI,2016,245,9/1/2016,10,,,36.34,22.93,,2.55,0.19,0.22
FI,2016,245,9/1/2016,12,,,35.99,22.85,,2.57,0.46,0.43
FI,2016,245,9/1/2016,14,,,36.12,22.86,,2.6,0.72,0.53
FI,2016,245,9/1/2016,16,,,36.82,22.93,,2.64,0.95,0.58
FI,2016,245,9/1/2016,18,,,37.54,22.99,,2.66,1.18,0.64
FI,2016,271,9/27/2016,0,,,21.54,21.12,,2.33,0.01,0
FI,2016,271,9/27/2016,4,,,22.01,21.38,,2.33,0.01,0
FI,2016,271,9/27/2016,8,,,34.44,22.77,,2.47,0.1,0.09
FI,2016,271,9/27/2016,16,,,38.2,23.2,,2.68,1.11,0.62
FI,2016,271,9/27/2016,16,,,38.17,23.05,,2.75,1.11,0.62
FI,2016,312,11/7/2016,0,8.54,1.91,26.62,21.99,,2.4,0.01,0
FI,2016,312,11/7/2016,4,8.54,1.92,26.62,21.97,,2.4,0.01,0
FI,2016,312,11/7/2016,4,8.53,1.9,26.69,22.03,,2.39,0.01,0
FI,2016,312,11/7/2016,16,8.75,1.06,39.83,23.28,,2.68,1.49,0.68
FI,2017,48,2/17/2017,0,8.95,2.17,29.54,20.97,4.39,2.26,0,8.3
FI,2017,48,2/17/2017,4,,,30.06,21.35,4.46,2.29,0,0
FI,2017,48,2/17/2017,8,9.11,2.18,30.19,21.42,4.49,2.32,0,0
FI,2017,48,2/17/2017,12,,,30.9,21.39,4.56,2.3,0,0
FI,2017,48,2/17/2017,16,9.39,2.31,32.96,22.2,4.72,2.4,0.02,0.36
FI,2017,48,2/17/2017,16,9.43,2.37,32.82,22.15,4.83,2.39,0.02,0.32
FI,2017,110,4/20/2017,0,8.6,1.5,27.72,19.08,3.83,2.07,0,0
FI,2017,110,4/20/2017,4,,,28.01,19.17,3.87,2.08,0,0
FI,2017,110,4/20/2017,8,8.6,1.5,27.62,18.93,3.8,2.06,0,0
FI,2017,110,4/20/2017,8,8.61,1.52,27.71,19.04,3.89,2.07,0,0
FI,2017,110,4/20/2017,12,,,28.13,19.38,3.87,2.07,0,0
FI,2017,110,4/20/2017,16,8.7,1.51,28.25,19.45,3.91,2.11,0.01,0.01
FI,2017,125,5/5/2017,0,,,27.9,19.19,3.79,2.06,0,0
FI,2017,125,5/5/2017,0,,,28.24,19.24,3.9,2.04,0,0
FI,2017,125,5/5/2017,4,,,27.94,19.17,3.82,2.11,0,0
FI,2017,137,5/17/2017,0,,,27.95,19.07,3.79,2.07,0.01,0
FI,2017,137,5/17/2017,4,,,28.37,19.48,3.8,2.07,0,0
FI,2017,137,5/17/2017,8,,,28.4,19.38,3.77,2.09,0,0
FI,2017,137,5/17/2017,8,,,28.54,19.61,3.73,2.12,0,0
FI,2017,137,5/17/2017,12,,,28.2,19.18,3.81,2.1,0.01,0.01
FI,2017,137,5/17/2017,16,,,28.54,19.41,3.95,2.15,0.05,0.14
FI,2017,153,6/2/2017,0,,,30.17,20.16,4.88,2.22,0,0
FI,2017,153,6/2/2017,0,,,30.27,20.24,4.61,2.25,0,0
FI,2017,153,6/2/2017,4,,,30.44,20.38,4.66,2.24,0,0
FI,2017,166,6/15/2017,0,,,24.12,19.88,4.52,2.16,0,0.01
FI,2017,166,6/15/2017,4,,,24.61,20.19,4.52,2.21,0,0
FI,2017,166,6/15/2017,8,,,30.32,20.23,4.6,2.25,0,0
FI,2017,166,6/15/2017,10,,,30.2,20.03,4.61,2.27,0,0
FI,2017,166,6/15/2017,12,,,31.26,20.3,4.57,2.31,0,0.03
FI,2017,166,6/15/2017,14,,,31.38,20.46,4.58,2.34,0.04,0.22
FI,2017,166,6/15/2017,14,,,31.36,20.51,4.69,2.33,0.02,0.18
FI,2017,166,6/15/2017,16,,,31.23,20.34,4.47,2.28,0.26,0.34
FI,2017,166,6/15/2017,18,,,31.04,20.25,4.7,2.36,0.28,0.34
FI,2017,180,6/29/2017,0,,,23.99,20.35,5.1,2.31,0,0
FI,2017,180,6/29/2017,0,,,24.17,20.49,4.78,2.2,0,0
FI,2017,180,6/29/2017,4,,,25.13,21.4,5.24,2.37,0,0
FI,2017,194,7/13/2017,0,,,22,20.37,4.77,2.15,0,0
FI,2017,194,7/13/2017,4,,,21.71,20.69,4.81,2.19,0,0
FI,2017,194,7/13/2017,8,,,31.45,21.72,5,2.38,0,0
FI,2017,194,7/13/2017,10,,,33.35,21.77,4.93,2.33,0,0.01
FI,2017,194,7/13/2017,12,,,32.84,21.49,4.87,2.41,0.04,0.29
FI,2017,194,7/13/2017,12,,,34.34,22.09,4.76,2.29,0.09,0.3
FI,2017,194,7/13/2017,14,,,33.13,21.69,4.87,2.41,0.23,0.33
FI,2017,194,7/13/2017,16,,,33.25,21.81,4.96,2.44,0.52,0.38
FI,2017,194,7/13/2017,18,,,33.58,21.95,4.44,2.51,0.6,0.38
FI,2017,208,7/27/2017,0,,,21.49,19.58,4.71,2.14,0,0
FI,2017,208,7/27/2017,0,,,22.08,20.01,4.83,2.13,0,0
FI,2017,208,7/27/2017,4,,,22.13,20.06,4.77,2.12,0,0
FI,2017,223,8/11/2017,0,8.51,2.15,22.22,19.83,4.04,2.07,0,0
FI,2017,223,8/11/2017,4,8.52,2.15,20.86,18.72,4.14,1.94,0,0
FI,2017,223,8/11/2017,4,8.61,2.24,20,18.06,3.99,1.91,0,0
FI,2017,223,8/11/2017,6,8.55,2.13,20.36,18.35,4.01,1.93,0,0
FI,2017,223,8/11/2017,8,8.52,2.22,28.94,18.94,3.99,1.99,0.01,0.02
FI,2017,223,8/11/2017,10,,,32.66,20.33,4.28,2.15,0,0.05
FI,2017,223,8/11/2017,12,8.55,2.3,32.44,20.17,4.28,2.2,0.05,0.35
FI,2017,223,8/11/2017,14,,,32.69,20.31,4.27,2.24,0.5,0.38
FI,2017,223,8/11/2017,16,8.55,2.26,33.53,20.52,4.29,2.25,0.77,0.42
FI,2017,223,8/11/2017,18,8.55,1.35,33.47,20.33,4.27,2.26,0.85,0.44
FI,2017,234,8/22/2017,0,,,22.46,20.44,4.97,2.22,0,0
FI,2017,234,8/22/2017,0,,,22.39,20.23,5.39,2.2,0,0
FI,2017,234,8/22/2017,4,,,22.22,20.18,5.06,2.22,0,0
FI,2017,248,9/5/2017,0,,,22.71,20.64,4.95,2.21,0,0
FI,2017,248,9/5/2017,4,,,23.43,21.12,5.14,2.24,0,0
FI,2017,248,9/5/2017,8,,,29.53,21.34,4.98,2.29,0,0.01
FI,2017,248,9/5/2017,10,,,34.65,21.49,4.85,2.32,0,0.15
FI,2017,248,9/5/2017,10,,,35.08,21.82,5.07,2.42,0,0.15
FI,2017,248,9/5/2017,12,,,34.95,21.62,4.22,2.37,0.06,0.36
FI,2017,248,9/5/2017,14,,,34.97,21.48,5.01,2.41,0.53,0.41
FI,2017,248,9/5/2017,16,,,36.41,21.88,4.91,2.51,0.93,0.46
FI,2017,248,9/5/2017,18,,,37.37,22.15,5.09,2.59,1.06,0.49
FI,2017,276,10/3/2017,0,,,22.73,20.52,4.61,2.18,0,0
FI,2017,276,10/3/2017,4,,,22.66,20.43,4.52,2.15,0,0
FI,2017,276,10/3/2017,8,,,26.89,20.7,4.49,2.18,0,0.01
FI,2017,276,10/3/2017,16,,,35.59,21.04,4.51,2.44,0.89,0.46
FI,2017,276,10/3/2017,16,,,35.44,21.01,4.46,2.48,0.89,0.46
FI,2017,296,10/23/2017,0,9,2,26.58,20.93,4.63,2.24,0,0
FI,2017,296,10/23/2017,0,9,3,26.95,21.23,4.49,2.27,0.01,0
FI,2017,296,10/23/2017,4,9,2,26.72,20.96,4.64,2.27,0,0.01
FI,2017,296,10/23/2017,16,9,1,37.24,21.57,4.71,2.62,1.23,0.62
FI,2018,58,2/27/2018,0,9.4,1.46,31.77,23.36,5.35,2.51,0,0
FI,2018,58,2/27/2018,4,,,32.21,23.74,5.42,2.53,0,0
FI,2018,58,2/27/2018,8,9.53,1.52,32.2,23.62,5.35,2.54,0,0
FI,2018,58,2/27/2018,12,,,35.06,25.22,6.05,2.7,0,0
FI,2018,58,2/27/2018,16,9.74,1.53,34.72,24.37,5.61,2.61,0.06,0
FI,2018,58,2/27/2018,16,9.8,1.53,34.61,24.36,5.57,2.57,0.01,0.01
FI,2018,115,4/25/2018,0,9.39,1.4,31.33,22.09,5.05,2.4,0,0
FI,2018,115,4/25/2018,0,9.39,1.4,31.22,22.05,5.09,2.38,0,0
FI,2018,115,4/25/2018,4,,,30.42,21.48,4.96,2.36,0,0
FI,2018,115,4/25/2018,8,9.36,1.42,31.21,21.98,4.98,2.36,0,0
FI,2018,115,4/25/2018,12,,,31.37,22.06,4.91,2.35,0,0
FI,2018,115,4/25/2018,16,9.35,1.45,31.18,21.92,5.19,2.42,0,0
FI,2018,138,5/18/2018,0,,,29.47,21,4.82,2.3,0.01,0
FI,2018,138,5/18/2018,0,,,29.48,21.24,4.94,2.32,0.01,0
FI,2018,138,5/18/2018,4,,,29.66,21.04,4.86,2.31,0.01,0
FI,2018,138,5/18/2018,8,,,31.04,21.62,5.02,2.41,0,0
FI,2018,138,5/18/2018,12,,,30.78,21.55,4.98,2.42,0,0
FI,2018,138,5/18/2018,16,,,31.37,21.61,5.13,2.44,0.01,0.08
FI,2018,152,6/1/2018,0,,,23.73,20.19,4.84,2.17,0.03,0
FI,2018,152,6/1/2018,4,,,27.08,20.44,4.98,2.2,0.03,0
FI,2018,152,6/1/2018,4,,,27.24,20.5,4.89,2.18,0.02,0
FI,2018,164,6/13/2018,0,,,23.53,20.93,4.92,2.23,0,0
FI,2018,164,6/13/2018,4,,,23.09,20.59,5,2.17,0,0
FI,2018,164,6/13/2018,8,,,29.82,21.17,4.98,2.31,0,0
FI,2018,164,6/13/2018,10,,,30.1,21.29,4.95,2.35,0,0
FI,2018,164,6/13/2018,12,,,30.34,21.64,5.01,2.36,0.01,0
FI,2018,164,6/13/2018,14,,,30.72,21.81,5.06,2.37,0.02,0.05
FI,2018,164,6/13/2018,14,,,30.4,21.12,4.91,2.3,0.02,0.04
FI,2018,164,6/13/2018,16,,,30.9,21.2,4.92,2.34,0.06,0.28
FI,2018,164,6/13/2018,18,,,31.67,21.46,5,2.4,0.66,0.59
FI,2018,178,6/27/2018,0,,,22.37,20.37,4.99,2.2,0.01,0
FI,2018,178,6/27/2018,0,,,22.25,20.22,4.94,2.17,0,0
FI,2018,178,6/27/2018,4,,,22.57,20.45,4.91,2.18,0,0
FI,2018,193,7/12/2018,0,,,20.67,20.63,5.06,2.23,0,0
FI,2018,193,7/12/2018,4,,,20.85,20.76,5.08,2.2,0,0
FI,2018,193,7/12/2018,8,,,30.38,21.25,5.19,2.33,0,0
FI,2018,193,7/12/2018,10,,,29.84,20.96,5,2.3,0,0
FI,2018,193,7/12/2018,12,,,30.57,21.54,5.26,2.44,0,0.01
FI,2018,193,7/12/2018,14,,,31.3,21.29,5.1,2.36,0.01,0.26
FI,2018,193,7/12/2018,14,,,31.53,21.38,5.12,2.35,0.01,0.25
FI,2018,193,7/12/2018,16,,,32.11,21.34,5.04,2.41,0.89,0.81
FI,2018,193,7/12/2018,18,,,32.66,21.28,5.14,2.44,1.29,0.78
FI,2018,207,7/26/2018,0,,,20.54,20.85,5.14,2.2,0,0
FI,2018,207,7/26/2018,4,,,20.64,20.6,5.11,2.22,0,0
FI,2018,207,7/26/2018,4,,,20.82,20.94,5.08,2.19,0,0
FI,2018,220,8/8/2018,0,9.61,1.75,21.34,21.17,4.99,2.24,0,0
FI,2018,220,8/8/2018,0,9.63,1.72,21.66,21.32,5.07,2.25,0,0
FI,2018,220,8/8/2018,4,9.36,1.75,21.38,21.25,5.07,2.27,0,0
FI,2018,220,8/8/2018,6,9.45,1.77,26.3,21.54,4.96,2.3,0,0
FI,2018,220,8/8/2018,8,9.41,1.84,31.7,21.71,4.98,2.34,0,0
FI,2018,220,8/8/2018,10,,,31.01,21.43,4.84,2.33,0,0
FI,2018,220,8/8/2018,12,9.25,1.75,31.82,21.44,4.87,2.35,0,0.07
FI,2018,220,8/8/2018,14,,,32.32,21.68,4.88,2.41,0.06,0.37
FI,2018,220,8/8/2018,16,9.23,0.99,32.81,21.72,4.95,2.43,0.63,0.83
FI,2018,220,8/8/2018,18,9.23,0.83,34.37,22.04,5.09,2.55,1.55,0.89
FI,2018,232,8/20/2018,0,,,22.33,21.13,4.65,2.08,0,0
FI,2018,232,8/20/2018,0,,,21.85,21.31,4.6,2.17,0,0
FI,2018,232,8/20/2018,4,,,22.03,21.36,4.71,2.17,0,0
FI,2018,250,9/7/2018,0,,,22.86,20.83,4.57,2.14,0,0
FI,2018,250,9/7/2018,4,,,22.62,20.55,4.55,2.13,0,0
FI,2018,250,9/7/2018,8,,,31.84,21.57,4.53,2.24,0,0
FI,2018,250,9/7/2018,10,,,32.48,21.75,4.62,2.28,0,0.01
FI,2018,250,9/7/2018,12,,,32.55,21.7,4.68,2.29,0,0.11
FI,2018,250,9/7/2018,12,,,31.93,21.26,4.46,2.26,0,0.1
FI,2018,250,9/7/2018,14,,,33.34,21.96,4.66,2.35,0.18,0.53
FI,2018,250,9/7/2018,16,,,34.21,21.86,4.53,2.36,1.01,0.81
FI,2018,250,9/7/2018,18,,,35.17,21.75,4.59,2.44,1.57,0.89
FI,2018,278,10/5/2018,0,,,24.31,20.42,4.53,2.21,0,0
FI,2018,278,10/5/2018,4,,,24.36,20.43,4.48,2.2,0,0
FI,2018,278,10/5/2018,8,,,24.25,20.23,4.54,2.2,0,0.01
FI,2018,278,10/5/2018,8,,,24.26,20.16,4.59,2.22,0,0
FI,2018,278,10/5/2018,16,,,34,21.49,4.62,2.43,0.97,0.74
FI,2018,306,11/2/2018,0,9.53,1.84,26.82,20.67,4.41,2.25,0,0
FI,2018,306,11/2/2018,4,9.29,1.88,26.69,20.63,4.35,2.23,0,0
FI,2018,306,11/2/2018,16,9.48,0.92,33.82,21.49,4.53,2.41,0.79,0.84
FI,2018,306,11/2/2018,16,9.45,0.9,33.59,21.39,4.56,2.45,0.79,0.84
ME,2013,43,2/12/2013,0,50.96,17.98,34.96,36.46,24.45,3.1,0,0
ME,2013,43,2/12/2013,8,51.6,17.98,35.18,36.48,24.55,3.09,0,0
ME,2013,43,2/12/2013,20,52.28,19.09,37.52,37.32,24.83,3.11,0,0.07
ME,2013,43,2/12/2013,20,52.02,18.98,37.55,36.96,24.94,3.12,0,0.07
ME,2013,119,4/29/2013,0,52.36,19.88,35,33.02,24.81,3.19,0,0
ME,2013,119,4/29/2013,8,52.2,19.73,35.56,33.38,24.83,3.1,0,0
ME,2013,119,4/29/2013,20,52.12,19.65,34.57,33.08,24.67,3.24,0,0
ME,2013,119,4/29/2013,20,52.23,19.61,35.27,33.32,24.47,2.94,0,0
ME,2013,217,8/5/2013,0,49.6,16.95,27.69,29.7,22.22,2.82,0,0
ME,2013,217,8/5/2013,4,49.67,16.94,27.69,29.72,22.11,2.8,0,0
ME,2013,217,8/5/2013,6,49.74,16.95,27.65,30,22.08,2.8,0,0
ME,2013,217,8/5/2013,8,49.15,17.78,27.65,29.48,22.03,2.82,0,0
ME,2013,217,8/5/2013,12,52.27,17.54,34.03,31.12,23.16,3.02,0,0.1
ME,2013,217,8/5/2013,16,52.84,16.8,34.67,31.13,23.37,3.08,0,0.22
ME,2013,217,8/5/2013,20,52.47,16.62,34.83,31.36,23.3,3.13,0,0.28
ME,2013,217,8/5/2013,22,52.46,16.43,35.96,31.71,23.69,3.16,0,0.3
ME,2013,217,8/5/2013,22,52.04,17.01,34.94,31.08,23.08,3.19,0,0.3
ME,2013,302,10/29/2013,0,50.79,18.33,30.91,32.48,23.97,2.93,0,0
ME,2013,302,10/29/2013,4,50.71,18.35,30.73,32.21,23.65,2.91,0,0
ME,2013,302,10/29/2013,4,50.71,18.3,30.94,32.42,23.87,2.93,0,0
ME,2013,302,10/29/2013,20,50.78,17.89,30.94,32.49,23.93,2.96,0,0
ME,2014,34,2/3/2014,0,55.87,19.96,34.04,34.76,24.37,3.14,0,0
ME,2014,34,2/3/2014,8,54.97,19.9,34.13,34.24,24.29,3.04,0,0
ME,2014,34,2/3/2014,20,53.93,19.5,39.64,35.63,24.18,3.05,0,0.21
ME,2014,34,2/3/2014,20,53.94,19.53,39.84,35.73,24.19,3.04,0,0.21
ME,2014,119,4/29/2014,0,52.66,18.83,35.15,32.88,23.89,3.07,0,0
ME,2014,119,4/29/2014,8,53.23,18.99,35.19,33.15,23.98,3.1,0,0
ME,2014,119,4/29/2014,20,52.75,18.84,35.23,32.92,24.03,3.09,0,0
ME,2014,119,4/29/2014,20,52.66,18.79,35.4,32.84,24.14,3.11,0,0
ME,2014,216,8/4/2014,0,51.1,17.73,25.41,29.38,22.82,2.87,0.01,0
ME,2014,216,8/4/2014,4,51.31,17.78,25.5,29.3,22.56,2.86,0.01,0
ME,2014,216,8/4/2014,6,51.15,17.75,25.65,29.03,22.64,2.86,0.01,0
ME,2014,216,8/4/2014,8,50.89,17.79,26.74,29.54,22.31,2.89,0.01,0
ME,2014,216,8/4/2014,8,51.13,17.84,27.03,29.05,22.44,2.89,0.01,0
ME,2014,216,8/4/2014,12,52.02,18.41,35.18,30.23,23.34,3.08,0.01,0.05
ME,2014,216,8/4/2014,16,52.71,18.39,35.22,30.01,23.2,3.14,0.02,0.17
ME,2014,216,8/4/2014,20,52.01,17.14,36.69,30.45,23.67,3.28,0.02,0.32
ME,2014,216,8/4/2014,22,52.24,17.26,35.71,30.23,22.87,3.21,0.02,0.33
ME,2014,303,10/30/2014,0,51.24,17.9,34.17,31.75,23.56,3,0,0
ME,2014,303,10/30/2014,4,51.39,17.98,34.19,31.61,24.1,2.98,0,0
ME,2014,303,10/30/2014,4,51.33,17.94,33.75,31.98,23.86,3.03,0,0
ME,2014,303,10/30/2014,20,5.12,17.92,34.08,31.61,23.31,3.05,0,0
ME,2015,42,2/11/2015,0,55.31,19.7,30.78,30.64,22.61,3.01,0,0
ME,2015,42,2/11/2015,8,54.13,19.27,29.87,29.92,21.86,2.95,0,0
ME,2015,42,2/11/2015,20,55.31,20.03,35.87,32.55,22.43,2.96,0,0
ME,2015,42,2/11/2015,20,55.34,20.12,35.83,32.31,22.46,3.03,0,0
ME,2015,114,4/24/2015,0,52.58,18.7,46.49,34.12,27.77,2.99,0,0
ME,2015,114,4/24/2015,8,52.44,18.7,46.4,33.68,27.67,2.94,0,0
ME,2015,114,4/24/2015,8,52.46,19.69,46.98,33.56,28.2,2.96,0,0
ME,2015,114,4/24/2015,20,52.53,18.86,46.54,33.72,28.15,2.96,0,0
ME,2015,215,8/3/2015,0,53.77,18.29,25.4,30.66,24.4,2.84,0,0.01
ME,2015,215,8/3/2015,4,53.65,18.25,26.27,31.46,23.54,2.59,0,0.01
ME,2015,215,8/3/2015,4,53.96,18.29,25.66,31.42,23.37,2.62,0,0
ME,2015,215,8/3/2015,6,53.66,18.18,26.16,31.52,23.34,2.59,0,0
ME,2015,215,8/3/2015,8,53.46,18.2,26.53,31.3,23.67,2.62,0,0
ME,2015,215,8/3/2015,12,53.31,18.53,34.6,31.04,24.88,3.14,0,0.05
ME,2015,215,8/3/2015,16,53.49,18.2,36.95,31.74,24.93,2.85,0,0.16
ME,2015,215,8/3/2015,20,53.77,17.75,37.58,32.16,23.67,2.96,0.01,0.26
ME,2015,215,8/3/2015,22,53.66,17.73,37.94,31.98,23.84,2.9,0.01,0.28
ME,2015,306,11/2/2015,0,53.31,20.02,31.07,31.63,22.96,2.93,0,0
ME,2015,306,11/2/2015,4,53.32,19.99,31.23,31.63,22.63,2.85,0,0
ME,2015,306,11/2/2015,4,53.44,19.35,31.12,31.58,23.07,2.94,0,0
ME,2015,306,11/2/2015,20,53.36,19.53,31.18,31.78,23.4,2.87,0,0
ME,2016,27,1/27/2016,0,53.75,19.15,32.82,32.01,,2.77,0,0
ME,2016,27,1/27/2016,8,54.6,19.08,33.13,32.22,,2.78,0,0
ME,2016,27,1/27/2016,8,53.96,19.2,33.17,31.86,,2.87,0,0
ME,2016,27,1/27/2016,20,54.29,18.86,35.17,32.85,,2.85,0,0.08
ME,2016,103,4/12/2016,0,53.26,18.64,37.29,31.09,,2.7,0.01,0
ME,2016,103,4/12/2016,8,53.82,18.61,36.91,30.95,,2.72,0,0
ME,2016,103,4/12/2016,20,53.2,18.59,36.9,30.9,,2.73,0,0
ME,2016,103,4/12/2016,20,52.51,18.38,36.63,30.99,,2.68,0,0
ME,2016,214,8/1/2016,0,52.15,18.33,27.58,33.53,,2.83,0,0
ME,2016,214,8/1/2016,4,52.34,18.28,27.21,33.73,,2.83,0,0
ME,2016,214,8/1/2016,6,52.43,18.74,27.49,33.73,,2.83,0,0
ME,2016,214,8/1/2016,8,52.53,18.09,29.76,33.81,,2.89,0,0
ME,2016,214,8/1/2016,8,52.42,18.67,29.25,33.65,,2.87,0,0
ME,2016,214,8/1/2016,12,53.24,18.49,38.05,34.27,,3,0,0.09
ME,2016,214,8/1/2016,16,53.08,18.68,39.9,34.28,,3.12,0,0.18
ME,2016,214,8/1/2016,20,52.98,18.17,40.29,34.19,,3.13,0.01,0.21
ME,2016,214,8/1/2016,22,53.01,18.85,40.57,34.45,,3.2,0,0.23
ME,2016,314,11/9/2016,0,51.23,18.15,34.1,33.66,,2.95,0,0
ME,2016,314,11/9/2016,0,51.15,18.13,33.81,33.44,,2.88,0,0
ME,2016,314,11/9/2016,4,51.31,17.75,34.19,33.77,,2.95,0,0
ME,2016,314,11/9/2016,20,52.17,16.28,39.15,34.19,,3.18,0.01,0.31
ME,2017,37,2/6/2017,0,42.89,13.51,25.15,21.65,17.56,2.83,0,0
ME,2017,37,2/6/2017,8,52.89,18.6,36.25,33.07,22.86,2.79,0,0
ME,2017,37,2/6/2017,8,52.87,18.2,36.03,32.82,22.4,2.9,0,0
ME,2017,37,2/6/2017,20,89.99,18.61,41.79,31.53,42.82,4.14,4.14,0.06
ME,2017,107,4/17/2017,0,55.84,16.47,35.4,30.39,22.94,2.69,0,0
ME,2017,107,4/17/2017,0,55.99,16.57,35.86,30.12,23.17,2.67,0,0
ME,2017,107,4/17/2017,8,55.98,16.54,35.62,30.3,22.97,2.68,0,0
ME,2017,107,4/17/2017,20,55.95,16.57,35.87,30.34,23.21,2.69,0,0
ME,2017,219,8/7/2017,0,53.12,16.16,27.65,31.58,25.07,2.84,0,0
ME,2017,219,8/7/2017,4,53.17,16.3,27.79,31.54,24.86,2.84,0,0
ME,2017,219,8/7/2017,6,53.46,17.01,27.64,31.35,24.61,2.81,0,0
ME,2017,219,8/7/2017,8,53.8,17.27,30.67,31.93,25.42,2.87,0,0
ME,2017,219,8/7/2017,12,55.5,17.18,40.34,33.18,26.72,3.01,0,0.07
ME,2017,219,8/7/2017,12,55.84,17.18,39.28,32.28,25.79,3,0,0.06
ME,2017,219,8/7/2017,16,55.63,17.59,41.04,32.91,26.55,3.16,0,0.18
ME,2017,219,8/7/2017,20,55.76,16.26,41.79,32.67,26.04,3.15,0.01,0.27
ME,2017,219,8/7/2017,22,55.79,16.68,41.89,32.42,25.87,3.18,0.01,0.28
ME,2017,306,11/2/2017,0,54.89,15.39,34.19,33.11,25.01,3.03,0,0
ME,2017,306,11/2/2017,4,54.98,15.38,34.06,33.13,25.38,2.98,0,0
ME,2017,306,11/2/2017,20,54.92,15.4,34.64,33.61,25.47,3.04,0,0
ME,2017,306,11/2/2017,20,54.89,15.38,34.16,33.13,25.39,3.03,0,0
ME,2018,23,1/23/2018,0,56.67,18.39,38.2,35.74,27.67,3.18,0,0
ME,2018,23,1/23/2018,8,56.78,17.67,38.81,36.44,28.23,3.15,0,0.04
ME,2018,23,1/23/2018,20,57.89,19.1,44.45,40.39,30.82,3.45,0,0.02
ME,2018,23,1/23/2018,20,57.75,18.37,42.14,37.67,28.33,3.21,0,0
ME,2018,110,4/20/2018,0,56.02,16.26,39.53,34.21,26.22,3.36,0,0
ME,2018,110,4/20/2018,0,55.52,16.28,39.63,34.26,26.05,3.43,0,0
ME,2018,110,4/20/2018,8,55.46,16.2,39.12,33.84,25.58,3.38,0,0
ME,2018,110,4/20/2018,20,55.57,16.24,39.09,33.72,25.5,3.41,0,0
ME,2018,218,8/6/2018,0,55.64,15.53,24.39,31.37,26.32,3.01,0,0
ME,2018,218,8/6/2018,4,54.56,15.48,24.68,31.4,26.43,3.05,0,0
ME,2018,218,8/6/2018,6,55.4,15.45,25.27,31.58,26.58,3.05,0,0
ME,2018,218,8/6/2018,8,54.26,15.48,26.85,32.16,27.31,3.04,0,0
ME,2018,218,8/6/2018,8,54.31,15.49,26.53,31.91,27.09,3.04,0,0
ME,2018,218,8/6/2018,12,55.91,16.35,39.62,32.92,27.17,3.44,0,0.08
ME,2018,218,8/6/2018,16,56.1,16.45,39.59,32.85,27.06,3.4,0,0.13
ME,2018,218,8/6/2018,20,56.86,16.14,40.6,33.28,27.27,3.46,0,0.22
ME,2018,218,8/6/2018,22,56.32,15.41,41.34,33.39,27.31,3.56,0,0.27
ME,2018,302,10/29/2018,0,51.69,15.04,32.28,30.1,23.91,3.15,0,0
ME,2018,302,10/29/2018,4,51.4,15.04,32.08,29.9,23.63,3.15,0,0
ME,2018,302,10/29/2018,4,51.46,15.05,32.05,29.89,23.68,3.19,0,0
ME,2018,302,10/29/2018,20,51.9,15.14,32.35,29.93,23.76,3.19,0,0
MO,2013,36,2/5/2013,0,68.97,18.81,35.39,35.02,35.51,3.28,0,0
MO,2013,36,2/5/2013,8,68.75,18.78,35.67,35.67,35.63,3.32,0,0
MO,2013,36,2/5/2013,20,113.77,20.7,40.96,35.22,63.83,3.6,0,0.11
MO,2013,36,2/5/2013,20,113.92,20.7,41.44,41.44,64.6,3.58,0,0.11
MO,2013,128,5/8/2013,0,79.43,21.07,35.99,32.11,40.47,3.01,0,0
MO,2013,128,5/8/2013,0,79.1,21.03,34.67,30.71,40.16,3.14,0,0
MO,2013,128,5/8/2013,8,79.87,20.31,35.14,30.9,40.9,3.14,0,0
MO,2013,128,5/8/2013,20,79.95,20.56,35.47,30.97,40.78,3.12,0,0.01
MO,2013,218,8/6/2013,0,65.13,18.49,26.93,28.48,30.98,2.88,0,0
MO,2013,218,8/6/2013,4,65.3,18.63,27.25,28.54,31.3,2.86,0,0
MO,2013,218,8/6/2013,6,65.96,18.53,27.77,28.82,31.62,2.89,0,0
MO,2013,218,8/6/2013,8,67.86,18.68,30.05,28.57,32.93,2.92,0,0.01
MO,2013,218,8/6/2013,8,67.77,18.62,29.98,28.29,32.89,2.9,0,0
MO,2013,218,8/6/2013,12,77.19,16.65,35.71,29.58,37.7,3.14,0.01,0.23
MO,2013,218,8/6/2013,16,77.8,13.5,36.31,29.26,37.75,3.23,0.02,0.27
MO,2013,218,8/6/2013,20,77.71,13.65,36.96,29.33,38,3.21,0.02,0.27
MO,2013,218,8/6/2013,22,78.13,13.45,37.26,29.57,38.13,3.25,0.02,0.27
MO,2013,303,10/30/2013,0,69.37,17.68,32.01,30.89,34.46,3.03,0,0
MO,2013,303,10/30/2013,4,68.82,17.56,32.03,30.98,34.59,3.09,0,0
MO,2013,303,10/30/2013,4,69.18,18.59,32.32,31.16,34.77,3.04,0,0
MO,2013,303,10/30/2013,20,66.66,18.55,32.17,31.31,33.37,3.04,0,0.01
MO,2014,72,3/13/2014,0,71.13,20.3,34.89,33.6,33.63,3.21,0,0
MO,2014,72,3/13/2014,8,74.23,20.46,35.82,34.11,34.97,3.26,0,0
MO,2014,72,3/13/2014,8,74.26,20.43,35.91,34.15,35.15,3.3,0,0
MO,2014,72,3/13/2014,20,236.75,25.37,53.86,37.03,99.99,5.28,0.05,0.28
MO,2014,120,4/30/2014,0,77.29,19.42,35.51,31.73,37.96,3.07,0,0
MO,2014,120,4/30/2014,8,77.02,19.35,35.9,31.9,38.35,3.06,0,0
MO,2014,120,4/30/2014,8,76.51,19.23,35.36,31.71,37.82,3.04,0,0
MO,2014,120,4/30/2014,20,77.6,19.42,35.41,31.83,37.83,3.09,0,0
MO,2014,217,8/5/2014,0,68.13,17.36,26.46,27.43,31.58,2.8,0.01,0
MO,2014,217,8/5/2014,4,68.68,17.39,36.48,27.46,31.96,2.8,0.01,0
MO,2014,217,8/5/2014,6,68.69,17.41,27.3,27.91,32.49,2.81,0.01,0
MO,2014,217,8/5/2014,6,68.72,17.4,26.84,27.06,31.79,2.79,0.01,0
MO,2014,217,8/5/2014,8,69.09,17.45,27.47,27.55,31.78,2.82,0.01,0.01
MO,2014,217,8/5/2014,12,75.81,17.84,35.77,29.14,35.67,3.05,0.03,0.2
MO,2014,217,8/5/2014,16,76.22,17.07,37.12,29.35,36.05,3.13,0.04,0.26
MO,2014,217,8/5/2014,20,76.18,16.91,37.44,28.99,36.01,3.13,0.04,0.27
MO,2014,217,8/5/2014,22,76.31,17,37.97,29.48,36.39,3.17,0.03,0.28
MO,2014,309,11/5/2014,0,68.64,17.86,34.38,30.11,33.72,3,0.01,0.01
MO,2014,309,11/5/2014,0,68.72,17.87,34.39,30.09,33.62,2.97,0,0
MO,2014,309,11/5/2014,4,68.65,17.87,34.16,30.02,33.34,2.97,0,0
MO,2014,309,11/5/2014,20,68.39,17.89,33.86,29.67,33.46,3.05,0,0.01
MO,2015,65,3/6/2015,0,72.02,19.79,30.5,29.75,31.03,3.06,0,0
MO,2015,65,3/6/2015,8,72.76,19.76,31.1,29.36,31.5,3.06,0,0
MO,2015,65,3/6/2015,8,72.73,19.85,30.58,29.57,30.97,3.07,0,0
MO,2015,65,3/6/2015,20,113.26,26.42,48.65,34.73,50,3.16,0.02,0.36
MO,2015,104,4/14/2015,0,71.74,18.88,45.85,32.34,40.7,3.01,0,0
MO,2015,104,4/14/2015,8,71.69,18.87,45.64,31.95,40.14,3.02,0,0
MO,2015,104,4/14/2015,8,71.61,18.85,45.9,31.75,40.35,3.04,0,0
MO,2015,104,4/14/2015,20,71.48,18.84,45.82,32.07,40.57,3.06,0,0
MO,2015,216,8/4/2015,0,71.86,18,25.56,29.68,33.07,2.82,0,0
MO,2015,216,8/4/2015,4,71.89,18.02,25.39,29.06,32.86,2.82,0,0.02
MO,2015,216,8/4/2015,6,72,18.06,25.29,29.42,33.14,2.86,0,0
MO,2015,216,8/4/2015,8,72.46,18.21,29.41,29.6,33.87,2.97,0,0.03
MO,2015,216,8/4/2015,12,74.67,17.33,37.69,30.17,34.72,3.05,0.01,0.21
MO,2015,216,8/4/2015,16,74.14,16.62,38.5,29.85,34.86,3.15,0.02,0.23
MO,2015,216,8/4/2015,16,74.26,16.62,38.01,30.2,34.62,3.15,0.02,0.24
MO,2015,216,8/4/2015,20,74.32,16.7,38.73,30.23,34.76,3.17,0.02,0.24
MO,2015,216,8/4/2015,22,-99,-99,-99,-99,-99,-99,-99,-99
MO,2015,307,11/3/2015,0,67.54,18.35,30.57,29.91,31.58,2.91,0,0
MO,2015,307,11/3/2015,4,67.96,18.38,30.27,29.72,30.96,2.92,0,0
MO,2015,307,11/3/2015,20,68.14,18.43,30.69,29.88,31.13,2.95,0,0
MO,2015,307,11/3/2015,20,69.81,18.65,30.69,30.19,31.67,2.95,0,0
MO,2016,35,2/4/2016,0,65.5,19.31,32.87,30.67,,2.75,0,0
MO,2016,35,2/4/2016,8,32.84,8.2,33.37,31.22,,2.85,0,0
MO,2016,35,2/4/2016,20,96.25,26.71,51.28,36.1,,3.03,0.01,0.28
MO,2016,35,2/4/2016,20,95.61,26.22,51.14,36.55,,3.03,0.01,0.28
MO,2016,104,4/13/2016,0,71.7,20.8,36.72,29.39,,2.76,0,0
MO,2016,104,4/13/2016,0,71.82,20.32,36.76,29.5,,2.78,0.01,0
MO,2016,104,4/13/2016,8,71.23,15.36,37.16,29.43,,2.78,0.01,0
MO,2016,104,4/13/2016,20,71.06,20.75,37.17,29.92,,2.77,0,0
MO,2016,215,8/2/2016,0,67.94,17.96,29.03,31.96,,2.88,0,0
MO,2016,215,8/2/2016,4,69,17.06,28.79,32.01,,2.91,0,0
MO,2016,215,8/2/2016,6,68.63,16.98,29.3,31.86,,2.91,0,0
MO,2016,215,8/2/2016,8,69.87,16.72,31.99,32.24,,3.06,0,0.01
MO,2016,215,8/2/2016,12,71.68,16.71,40.23,32.79,,3.23,0.03,0.21
MO,2016,215,8/2/2016,16,71.22,16.84,41.36,32.98,,3.28,0.03,0.2
MO,2016,215,8/2/2016,16,71.21,16.23,41.43,32.46,,3.29,0.02,0.22
MO,2016,215,8/2/2016,20,71.22,16.61,41.63,32.71,,3.3,0.03,0.21
MO,2016,215,8/2/2016,22,-99,-99,-99,-99,,-99,-99,-99
MO,2016,315,11/10/2016,0,63.9,16.35,33.75,31.42,,2.98,0,0
MO,2016,315,11/10/2016,4,64.06,16.6,33.67,31.48,,3,0,0
MO,2016,315,11/10/2016,4,63.99,16.41,33.6,31.46,,2.99,0,0
MO,2016,315,11/10/2016,20,64.15,16.59,34.11,31.57,,3.01,0,0.02
MO,2017,44,2/13/2017,0,64.98,19.45,35.7,31.79,28.79,2.9,0,0
MO,2017,44,2/13/2017,0,65.14,19.48,35.94,32.14,29.09,2.97,0,0
MO,2017,44,2/13/2017,8,69.58,20.1,36.38,31.74,31.08,2.94,0,0
MO,2017,44,2/13/2017,20,373.41,28.07,52.61,30.77,99.99,11.88,0.13,0.19
MO,2017,109,4/19/2017,0,78.75,17.81,35.88,28.97,34.52,2.84,0,0
MO,2017,109,4/19/2017,8,79.67,17.84,35.66,28.95,35.04,2.85,0,0
MO,2017,109,4/19/2017,20,79.86,17.98,35.79,29.27,35.22,2.85,0,0
MO,2017,109,4/19/2017,20,79.88,17.96,35.95,28.97,35.22,2.84,0,0
MO,2017,220,8/8/2017,0,69,15,29.51,29.43,33.17,2.88,0,0
MO,2017,220,8/8/2017,4,51,11,30.55,30.36,34.74,2.99,0,0
MO,2017,220,8/8/2017,6,67,15,29.92,29.94,34.03,2.9,0,0
MO,2017,220,8/8/2017,8,69,15,29.67,29.61,33.7,2.92,0,0
MO,2017,220,8/8/2017,8,68,15,29.74,29.82,33.78,2.93,0,0
MO,2017,220,8/8/2017,12,76,15,42.19,31.41,38.27,3.37,0.03,0.28
MO,2017,220,8/8/2017,16,75,15,42.77,31.11,38.06,3.37,0.02,0.32
MO,2017,220,8/8/2017,20,75,14,43.19,31.2,38.11,3.41,0.02,0.32
MO,2017,220,8/8/2017,22,-99,-99,-99,-99,-99,-99,-99,-99
MO,2017,307,11/3/2017,0,70.32,14.59,34.45,31.48,33.83,3.13,0,0
MO,2017,307,11/3/2017,4,70.04,15.31,35.46,32.35,34.36,3.17,0,0
MO,2017,307,11/3/2017,4,70.14,15.29,34.87,31.82,33.58,3.11,0,0
MO,2017,307,11/3/2017,20,70.36,14.61,34.89,31.82,33.98,3.17,0,0
MO,2018,24,1/24/2018,0,64,17.12,37.2,33.75,34.58,3.12,0,0
MO,2018,24,1/24/2018,0,64.06,17.31,36.14,32.77,33.43,3.14,0,0
MO,2018,24,1/24/2018,8,71.7,18.83,39.23,35.31,36.9,3.35,0,0
MO,2018,24,1/24/2018,20,87.53,22.16,53.88,41.1,45.54,3.51,0,0.32
MO,2018,114,4/24/2018,0,76.63,17.15,38.7,32.18,36,3.28,0,0
MO,2018,114,4/24/2018,0,76.75,17.14,38.96,32.5,36.9,3.24,0,0
MO,2018,114,4/24/2018,8,75.86,17.1,39.06,32.64,36.83,3.29,0,0
MO,2018,114,4/24/2018,20,76.52,17.15,38.78,32.43,36.54,3.29,0,0
MO,2018,219,8/7/2018,0,69.43,15.54,28.43,30.3,36.31,3.06,0,0
MO,2018,219,8/7/2018,4,69.37,15.5,28.63,30.4,36.8,3.01,0,0
MO,2018,219,8/7/2018,4,69.33,15.46,28.61,30.63,37.88,3.08,0,0
MO,2018,219,8/7/2018,6,69.45,15.48,28.57,29.91,36.18,2.97,0,0
MO,2018,219,8/7/2018,8,70.79,15.6,33.08,31.32,39.77,3.2,0,0.06
MO,2018,219,8/7/2018,12,77.03,15.38,41.58,32.51,40.96,3.52,0.01,0.28
MO,2018,219,8/7/2018,16,77.33,14.92,41.84,32.31,40.37,3.48,0.01,0.32
MO,2018,219,8/7/2018,20,77.25,14.71,42.18,32.52,40.67,3.52,0.01,0.34
MO,2018,219,8/7/2018,22,-99,-99,-99,-99,-99,-99,-99,-99
MO,2018,304,10/31/2018,0,63.17,15.18,31.88,28.62,30.14,3.05,0,0
MO,2018,304,10/31/2018,0,62.95,15.16,31.8,28.45,29.95,3.08,0,0
MO,2018,304,10/31/2018,4,63.39,15.18,31.68,28.48,30.07,3.09,0,0
MO,2018,304,10/31/2018,20,62.74,15.13,31.42,28.19,29.84,3.11,0,0
SP,2013,56,2/25/2013,0,10.47,2.9,11.92,3.46,3.46,0.71,0.02,0
SP,2013,56,2/25/2013,10,10.03,2.84,11.58,3.38,3.31,0.68,0.25,0.01
SP,2013,56,2/25/2013,18,10.12,0.79,15.03,4.06,3.52,0.96,16.51,0.7
SP,2013,56,2/25/2013,18,10.04,0.79,14.97,4.03,3.46,0.91,16.24,0.7
SP,2013,136,5/16/2013,0,9.88,2.83,12,3.34,3.44,0.66,0,0.01
SP,2013,136,5/16/2013,0,9.9,2.83,12.04,3.35,3.48,0.69,0,0.01
SP,2013,136,5/16/2013,10,9.89,2.84,12.13,3.33,3.45,0.67,0,0.01
SP,2013,136,5/16/2013,18,10,2.89,11.77,3.34,3.46,0.68,0.01,0.02
SP,2013,217,8/5/2013,0,9.73,2.63,11.36,3.28,3.45,0.67,0,0
SP,2013,217,8/5/2013,5,9.59,2.96,11.29,3.26,3.46,0.68,0,0
SP,2013,217,8/5/2013,8,9.35,2.72,11.41,3.29,3.35,0.69,0,0
SP,2013,217,8/5/2013,8,9.43,2.86,11.61,3.3,3.34,0.69,0,0
SP,2013,217,8/5/2013,12,9.42,2.86,11.28,3.29,3.38,0.7,0,0
SP,2013,217,8/5/2013,16,9.44,2.9,11.81,3.37,3.4,0.73,0.21,0.23
SP,2013,217,8/5/2013,18,9.46,2.22,12.63,3.5,3.43,0.76,3.6,0.32
SP,2013,317,11/13/2013,0,9.71,2.49,11.71,3.38,3.41,0.69,0.07,0
SP,2013,317,11/13/2013,10,9.74,2.52,11.73,3.39,3.47,0.7,0.07,0.01
SP,2013,317,11/13/2013,10,9.73,2.5,11.69,3.36,3.49,0.7,0.07,0.01
SP,2013,317,11/13/2013,18,9.73,2.5,11.82,3.4,3.44,0.69,0.08,0.01
SP,2014,48,2/17/2014,0,10.71,3.09,11.81,3.59,3.46,0.74,0,0
SP,2014,48,2/17/2014,10,10.07,3.04,11.48,3.37,3.21,0.68,0.11,0.01
SP,2014,48,2/17/2014,18,10.46,0.88,13.13,3.6,3.22,0.8,16.36,1.13
SP,2014,48,2/17/2014,18,10.23,0.41,13.02,3.58,3.25,0.82,16.82,1.14
SP,2014,139,5/19/2014,0,9.39,2.73,10.92,3.24,2.77,0.63,0.01,0
SP,2014,139,5/19/2014,10,10,2.79,11.62,3.44,2.99,0.65,0.02,0
SP,2014,139,5/19/2014,10,9.99,2.79,11.73,3.45,2.99,0.67,0.01,0
SP,2014,139,5/19/2014,18,10.54,2.64,12.6,3.69,3.2,0.72,0.14,0.08
SP,2014,224,8/12/2014,0,10.05,2.56,10.62,3.19,3.5,0.66,0.02,0
SP,2014,224,8/12/2014,5,10.04,2.55,10.73,3.19,3.5,0.67,0.02,0
SP,2014,224,8/12/2014,8,9.73,2.6,10.79,3.25,3.34,0.69,0.01,0
SP,2014,224,8/12/2014,8,9.7,2.59,10.78,3.27,3.37,0.69,0.01,0
SP,2014,224,8/12/2014,10,10.1,2.64,11.45,3.35,3.44,0.71,0.02,0
SP,2014,224,8/12/2014,15,10.36,2.43,12.05,3.51,3.58,0.75,0.32,0.17
SP,2014,224,8/12/2014,18,10.32,0.89,13.35,3.7,3.66,0.84,7.91,0.5
SP,2014,314,11/10/2014,0,9.94,3.04,11.82,3.41,3.76,0.71,0.13,0.03
SP,2014,314,11/10/2014,10,10.12,3.19,11.74,3.4,3.75,0.74,0.15,0.03
SP,2014,314,11/10/2014,10,10.17,3.25,11.89,3.42,3.81,0.69,0.15,0.03
SP,2014,314,11/10/2014,18,10.16,3.08,11.94,3.46,3.83,0.75,0.39,0.08
SP,2015,55,2/24/2015,0,10.97,2.73,10.82,3.54,3.62,0.74,0.02,0
SP,2015,55,2/24/2015,10,9.68,0,9.89,3.19,3.18,0.67,0.37,0.05
SP,2015,55,2/24/2015,10,9.62,2.42,9.92,3.16,3.17,0.66,0.27,0.03
SP,2015,55,2/24/2015,18,10.02,0.2,15.6,3.61,3.76,0.86,12.97,1.78
SP,2015,113,4/23/2015,0,10.11,2.48,14.57,3.48,4.43,0.73,0.03,0
SP,2015,113,4/23/2015,10,8.23,2.12,14.44,3.46,4.37,0.72,0.03,0.01
SP,2015,113,4/23/2015,10,9.97,2.46,14.34,3.47,4.51,0.73,0.03,0
SP,2015,113,4/23/2015,18,10.73,2.36,15.15,3.58,4.74,0.77,0.27,0.09
SP,2015,223,8/11/2015,0,10.58,2.74,11.18,3.22,3.56,0.64,0.02,0
SP,2015,223,8/11/2015,0,10.48,2.74,11.05,3.24,3.69,0.63,0.02,0
SP,2015,223,8/11/2015,5,10.48,2.74,11.13,3.22,3.6,0.66,0.02,0
SP,2015,223,8/11/2015,10,10.15,2.74,11.27,3.23,3.51,0.65,0.01,0
SP,2015,223,8/11/2015,12,10.16,2.74,11.32,3.23,3.55,0.65,0.02,0.01
SP,2015,223,8/11/2015,15,10.19,2.67,11.16,3.25,3.58,0.65,0.03,0.01
SP,2015,223,8/11/2015,18,10.24,2.29,11.62,3.29,3.58,0.7,1.52,0.35
SP,2015,321,11/17/2015,0,11.03,2.38,11.37,3.27,3.58,0.63,0.06,0.01
SP,2015,321,11/17/2015,0,11.09,2.47,11.37,3.29,3.61,0.63,0.07,0.01
SP,2015,321,11/17/2015,10,10.96,2.35,11.35,3.28,3.56,0.64,0.15,0.02
SP,2015,321,11/17/2015,18,10.67,0.45,11.96,3.3,3.5,0.73,6.49,0.46
SP,2016,67,3/7/2016,0,12.52,2.83,11.74,3.65,,0.74,0.01,0
SP,2016,67,3/7/2016,0,12.09,2.91,11.83,3.68,,0.74,0.01,0
SP,2016,67,3/7/2016,10,10.78,2.68,11.02,3.35,,0.66,0.47,0.04
SP,2016,67,3/7/2016,18,10.58,0.82,12.01,3.47,,0.75,12.05,0.86
SP,2016,117,4/26/2016,0,10.94,2.81,11.97,3.32,,0.66,0,0
SP,2016,117,4/26/2016,10,10.59,2.79,12.05,3.3,,0.66,0,0
SP,2016,117,4/26/2016,10,10.82,2.84,12.01,3.32,,0.66,0,0
SP,2016,117,4/26/2016,18,11.33,2.82,12.48,3.48,,0.69,0.1,0
SP,2016,231,8/18/2016,0,10.93,2.78,11.88,3.35,,0.67,0,0
SP,2016,231,8/18/2016,5,10.94,2.81,11.89,3.35,,0.72,0,0
SP,2016,231,8/18/2016,8,10.68,2.88,12.12,3.37,,0.69,0,0
SP,2016,231,8/18/2016,8,10.99,2.98,12.18,3.41,,0.69,0,0
SP,2016,231,8/18/2016,12,10.78,2.91,12.37,3.45,,0.7,0,0
SP,2016,231,8/18/2016,15,10.8,2.64,12.59,3.5,,0.72,0.11,0.05
SP,2016,231,8/18/2016,18,10.84,1.33,13.34,3.57,,0.8,6.5,0.48
SP,2016,321,11/16/2016,0,10.97,2.69,12.56,3.47,,0.7,0.01,0
SP,2016,321,11/16/2016,0,11.02,2.69,12.63,3.47,,0.7,0.01,0
SP,2016,321,11/16/2016,10,10.9,2.76,12.46,3.46,,0.7,0.03,0
SP,2016,321,11/16/2016,18,10.79,1.22,13.88,3.66,,0.8,6.49,0.46
SP,2017,53,2/22/2017,0,11.11,2.5,11.6,3.34,3.65,0.65,0,0
SP,2017,53,2/22/2017,10,11.23,2.48,11.89,3.44,3.77,0.66,0.04,0.03
SP,2017,53,2/22/2017,18,12.06,2.68,12.49,3.58,3.86,0.69,0.42,0.38
SP,2017,53,2/22/2017,18,12.06,2.68,12.55,3.58,3.9,0.69,0.43,0.39
SP,2017,107,4/17/2017,0,10.95,2.74,10.88,3.25,3.39,0.63,0.01,0
SP,2017,107,4/17/2017,10,11.08,2.85,11,3.25,3.4,0.64,0.01,0
SP,2017,107,4/17/2017,18,11.16,2.95,11.15,3.31,3.42,0.64,0.01,0
SP,2017,107,4/17/2017,18,11.16,2.89,11.13,3.3,3.4,0.65,0.01,0
SP,2017,221,8/9/2017,0,11.35,2.38,12.06,3.5,4.16,0.64,0.01,0
SP,2017,221,8/9/2017,5,11.26,2.38,11.93,3.48,4.01,0.59,0.01,0
SP,2017,221,8/9/2017,8,10.99,2.44,12.09,3.47,3.84,0.57,0,0
SP,2017,221,8/9/2017,10,10.99,2.47,12.19,3.52,3.7,0.62,0.01,0
SP,2017,221,8/9/2017,15,10.99,2.48,12.17,3.51,3.85,0.57,0.01,0.01
SP,2017,221,8/9/2017,18,11.01,2.17,12.37,3.55,3.75,0.62,0.11,0.14
SP,2017,221,8/9/2017,18,10.78,2.11,12.43,3.56,3.81,0.63,0.11,0.14
SP,2017,317,11/13/2017,0,11.31,2.61,11.74,3.41,3.7,0.69,0.1,0.01
SP,2017,317,11/13/2017,10,11.31,2.84,11.9,3.45,3.72,0.7,0.11,0.01
SP,2017,317,11/13/2017,10,11.33,2.83,11.85,3.41,3.72,0.69,0.11,0.01
SP,2017,317,11/13/2017,18,11.27,2.59,11.88,3.41,3.82,0.69,0.1,0.01
SP,2018,53,2/22/2018,0,12.69,2.88,13.67,4.06,4.52,0.85,0.02,0
SP,2018,53,2/22/2018,10,11.35,2.7,12.71,3.68,4,0.76,0.26,0.1
SP,2018,53,2/22/2018,18,11.21,0.74,14.02,3.72,3.94,0.86,7.25,2.89
SP,2018,53,2/22/2018,18,11.15,0.74,13.94,3.7,3.96,0.86,7.05,2.84
SP,2018,135,5/15/2018,0,11.21,2.38,11.65,3.38,3.89,0.71,0,0
SP,2018,135,5/15/2018,10,11.39,2.45,12.01,3.47,3.96,0.72,0.05,0
SP,2018,135,5/15/2018,10,11.46,2.45,12.12,3.51,4.05,0.72,0.04,0
SP,2018,135,5/15/2018,18,11.98,2.42,12.45,3.64,4.17,0.75,0.23,0.01
SP,2018,219,8/7/2018,0,11.53,2.55,11.86,3.39,4.23,0.73,0,0
SP,2018,219,8/7/2018,5,11.09,2.54,11.58,3.34,4.11,0.71,0,0
SP,2018,219,8/7/2018,8,10.98,2.77,11.92,3.44,4.09,0.72,0,0
SP,2018,219,8/7/2018,8,11.42,2.57,11.96,3.44,4.07,0.73,0,0
SP,2018,219,8/7/2018,10,11.56,2.59,11.97,3.46,4.1,0.74,0,0
SP,2018,219,8/7/2018,15,11.91,2.59,12.45,3.59,4.15,0.77,0.01,0
SP,2018,219,8/7/2018,18,11.69,2.05,13.27,3.7,4.32,0.8,3.02,0.54
SP,2018,316,11/12/2018,0,11.8,2.54,11.67,3.42,3.63,0.67,0.09,0.03
SP,2018,316,11/12/2018,10,11.37,2.49,11.6,3.39,3.57,0.67,0.09,0.02
SP,2018,316,11/12/2018,18,11.42,2.72,11.85,3.41,3.65,0.69,0.09,0.03
SP,2018,316,11/12/2018,18,11.36,2.49,11.57,3.37,3.55,0.67,0.09,0.02
TB,2013,49,2/18/2013,0,0.41,1.19,1.45,0.41,0.3,0.77,0.37,0.07
TB,2013,49,2/18/2013,3,0.39,1.12,1.45,0.4,0.29,0.72,0.38,0.07
TB,2013,49,2/18/2013,3,0.38,1.12,1.41,0.4,0.29,0.72,0.39,0.07
TB,2013,49,2/18/2013,7,0.4,0.48,2.27,0.44,0.34,0.81,0.47,0.07
TB,2013,133,5/13/2013,0,0.48,1.15,1.14,0.31,0.26,0.54,0.23,0.06
TB,2013,133,5/13/2013,3,0.55,0.99,1.54,0.39,0.29,0.67,0.32,0.07
TB,2013,133,5/13/2013,7,0.5,1.45,1.54,0.39,0.3,0.65,0.33,0.07
TB,2013,133,5/13/2013,7,0.52,1.45,1.54,0.39,0.32,0.65,0.33,0.06
TB,2013,218,8/6/2013,0,0.27,0.6,1.21,0.36,0.3,0.54,0.34,0.06
TB,2013,218,8/6/2013,2,0.4,0.66,1.22,0.36,0.32,0.61,0.34,0.06
TB,2013,218,8/6/2013,5,0.3,0.73,1.84,0.4,0.34,0.83,0.41,0.07
TB,2013,218,8/6/2013,7,0.3,0.65,1.64,0.41,0.41,0.76,0.41,0.07
TB,2013,218,8/6/2013,7,0.32,0.55,1.66,0.41,0.41,0.33,0.41,0.07
TB,2013,312,11/8/2013,0,0.53,1.82,1.51,0.39,0.34,0.74,0.37,0.07
TB,2013,312,11/8/2013,0,0.56,1.9,1.52,0.39,0.39,0.74,0.38,0.07
TB,2013,312,11/8/2013,3,0.53,1.87,1.51,0.39,0.36,0.73,0.38,0.07
TB,2013,312,11/8/2013,7,0.57,1.38,1.85,0.45,0.43,0.86,0.49,0.08
TB,2014,51,2/20/2014,0,0.42,0.84,1.57,0.4,0.12,0.74,0.42,0.07
TB,2014,51,2/20/2014,3,0.49,0.86,1.59,0.4,0.13,0.73,0.43,0.07
TB,2014,51,2/20/2014,3,0.39,0.84,1.56,0.4,0.13,0.73,0.42,0.07
TB,2014,51,2/20/2014,7,0.41,0.51,1.7,0.42,0.13,0.74,0.47,0.08
TB,2014,141,5/21/2014,0,0.13,0.64,1.25,0.33,-0.18,0.56,0.29,0.05
TB,2014,141,5/21/2014,0,0.14,0.64,1.26,0.33,-0.14,0.56,0.28,0.06
TB,2014,141,5/21/2014,3,0.18,0.42,1.55,0.41,-0.08,0.69,0.4,0.07
TB,2014,141,5/21/2014,7,0.16,0.57,1.61,0.42,-0.1,0.75,0.43,0.07
TB,2014,223,8/11/2014,0,0.53,0.72,1.1,0.34,0.28,0.56,0.23,0.05
TB,2014,223,8/11/2014,0,0.53,0.71,1.1,0.34,0.27,0.55,0.23,0.05
TB,2014,223,8/11/2014,2,0.59,0.59,1.42,0.39,0.31,0.76,0.41,0.06
TB,2014,223,8/11/2014,5,0.58,0.17,1.52,0.42,0.3,0.76,0.43,0.07
TB,2014,223,8/11/2014,7,0.63,0.18,1.71,0.46,0.32,0.85,0.51,0.07
TB,2014,311,11/7/2014,0,0.33,0.81,1.26,0.38,0.3,0.73,0.35,0.06
TB,2014,311,11/7/2014,3,0.35,1,1.24,0.37,0.29,0.71,0.35,0.06
TB,2014,311,11/7/2014,3,0.36,0.96,1.28,0.38,0.32,0.79,0.35,0.06
TB,2014,311,11/7/2014,7,0.42,0.57,1.72,0.46,0.33,0.92,0.55,0.08
TB,2015,65,3/6/2015,0,0.29,0.71,1.26,0.38,0.28,0.72,0.36,0.06
TB,2015,65,3/6/2015,0,0.3,0.71,1.25,0.39,0.27,0.74,0.36,0.06
TB,2015,65,3/6/2015,3,0.28,0.64,1.17,0.37,0.26,0.7,0.37,0.06
TB,2015,65,3/6/2015,7,0.3,0.26,1.78,0.45,0.29,0.86,0.57,0.07
TB,2015,111,4/21/2015,0,0.23,0.64,1.28,0.31,0.25,0.57,0.3,0.06
TB,2015,111,4/21/2015,3,0.26,0.57,1.6,0.4,0.29,0.75,0.42,0.07
TB,2015,111,4/21/2015,7,0.26,0.6,2.54,0.55,0.37,0.96,0.7,0.09
TB,2015,111,4/21/2015,7,0.28,0.57,2.5,0.54,0.36,0.95,0.69,0.09
TB,2015,223,8/11/2015,0,0.55,0.81,0.66,0.29,0.22,0.49,0.23,0.05
TB,2015,223,8/11/2015,0,0.56,0.78,0.67,0.28,0.22,0.48,0.22,0.04
TB,2015,223,8/11/2015,2,0.61,0.84,0.09,0.36,0.26,0.74,0.41,0.06
TB,2015,223,8/11/2015,5,0.65,0.46,1.79,0.37,0.26,0.72,0.41,0.06
TB,2015,223,8/11/2015,7,0.64,0.53,1.83,0.44,0.31,0.84,0.56,0.07
TB,2015,321,11/17/2015,0,0.35,0.61,1.31,0.35,0.23,0.65,0.32,0.07
TB,2015,321,11/17/2015,3,0.36,0.62,1.35,0.36,0.26,0.66,0.33,0.06
TB,2015,321,11/17/2015,3,0.36,0.65,1.34,0.36,0.26,0.65,0.33,0.06
TB,2015,321,11/17/2015,7,0.41,0.43,2.02,0.49,0.31,0.93,0.63,0.08
TB,2016,55,2/24/2016,0,0.48,0.71,1.3,0.37,,0.68,0.37,0.06
TB,2016,55,2/24/2016,3,0.5,0.5,1.42,0.39,,0.7,0.4,0.07
TB,2016,55,2/24/2016,7,0.42,0.4,1.6,0.43,,0.74,0.47,0.07
TB,2016,113,4/22/2016,0,0.36,0.53,0.99,0.23,,0.39,0.24,0.04
TB,2016,113,4/22/2016,3,0.45,0.4,1.56,0.37,,0.65,0.41,0.07
TB,2016,113,4/22/2016,7,0.45,0.55,2.16,0.49,,0.74,0.59,0.08
TB,2016,113,4/22/2016,7,0.47,0.49,2.09,0.49,,0.73,0.59,0.08
TB,2016,229,8/16/2016,0,0.29,0.39,1.05,0.31,,0.3,0.27,0.04
TB,2016,229,8/16/2016,0,0.24,0.45,1.06,0.3,,0.3,0.27,0.04
TB,2016,229,8/16/2016,2,0.32,0.54,1.72,0.39,,0.78,0.48,0.07
TB,2016,229,8/16/2016,5,0.33,0.38,1.73,0.42,,0.76,0.46,0.07
TB,2016,229,8/16/2016,7,0.32,0.5,2.21,0.53,,0.8,0.67,0.08
TB,2016,321,11/16/2016,0,0.28,0.47,1.46,0.39,,0.61,0.38,0.06
TB,2016,321,11/16/2016,0,0.3,0.48,1.48,0.39,,0.64,0.39,0.06
TB,2016,321,11/16/2016,3,0.28,0.48,1.49,0.39,,0.61,0.39,0.06
TB,2016,321,11/16/2016,7,0.31,0.35,2.12,0.53,,0.83,0.65,0.08
TB,2017,48,2/17/2017,0,0.42,0.36,1.57,0.39,0.26,0.73,0.43,0.06
TB,2017,48,2/17/2017,0,0.41,0.36,1.56,0.39,0.26,0.73,0.43,0.06
TB,2017,48,2/17/2017,3,0.4,0.32,1.53,0.38,0.25,0.69,0.43,0.06
TB,2017,48,2/17/2017,7,0.39,0.32,1.6,0.38,0.25,0.7,0.46,0.06
TB,2017,109,4/19/2017,0,0.31,2.46,0.99,0.24,0.11,0.46,0.27,0.04
TB,2017,109,4/19/2017,3,0.43,0.55,1.52,0.38,0.19,0.71,0.44,0.06
TB,2017,109,4/19/2017,3,0.41,0.55,1.52,0.38,0.17,0.71,0.44,0.06
TB,2017,109,4/19/2017,7,0.4,0.54,1.61,0.39,0.19,0.71,0.48,0.06
TB,2017,219,8/7/2017,0,0.32,0.45,0.66,0.33,0.25,0.45,0.36,0.05
TB,2017,219,8/7/2017,2,0.34,0.47,0.64,0.33,0.25,0.46,0.38,0.05
TB,2017,219,8/7/2017,4,0.37,0.42,1.79,0.45,0.26,0.75,0.55,0.07
TB,2017,219,8/7/2017,7,0.38,0.43,1.82,0.45,0.2,0.71,0.55,0.07
TB,2017,310,11/6/2017,0,0,1,1.58,0.39,0.18,0.72,0.42,0.06
TB,2017,310,11/6/2017,3,0,1,1.57,0.39,0.17,0.72,0.43,0.06
TB,2017,310,11/6/2017,7,0,0,2,0.48,0.24,0.97,0.62,0.07
TB,2017,310,11/6/2017,7,1,0,2.03,0.48,0.22,0.94,0.62,0.07
TB,2018,54,2/23/2018,0,0.54,0.76,1.72,0.42,0.3,0.84,0.49,0.07
TB,2018,54,2/23/2018,0,0.54,0.75,1.72,0.41,0.3,0.85,0.48,0.07
TB,2018,54,2/23/2018,3,0.52,0.69,1.68,0.4,0.29,0.82,0.48,0.07
TB,2018,54,2/23/2018,7,0.54,0.67,1.87,0.46,0.29,0.89,0.55,0.08
TB,2018,136,5/16/2018,0,0.26,0.35,0.89,0.23,0.17,0.39,0.22,0.04
TB,2018,136,5/16/2018,3,0.33,0.34,1.6,0.41,0.26,0.76,0.47,0.07
TB,2018,136,5/16/2018,7,0.3,0.55,1.69,0.43,0.27,0.8,0.52,0.07
TB,2018,136,5/16/2018,7,0.31,0.54,1.66,0.43,0.27,0.8,0.51,0.06
TB,2018,218,8/6/2018,0,0.43,0.58,1.11,0.26,0.23,0.48,0.29,0.04
TB,2018,218,8/6/2018,2,0.48,0.53,1.63,0.36,0.29,0.81,0.5,0.06
TB,2018,218,8/6/2018,2,0.51,0.55,1.64,0.36,0.28,0.8,0.5,0.06
TB,2018,218,8/6/2018,5,0.5,0.47,1.61,0.37,0.28,0.8,0.5,0.06
TB,2018,218,8/6/2018,7,0.5,0.49,1.84,0.42,0.3,0.88,0.58,0.07
TB,2018,310,11/6/2018,0,0.33,0.66,1.48,0.4,0.23,0.68,0.44,0.06
TB,2018,310,11/6/2018,3,0.33,0.67,1.5,0.4,0.23,0.68,0.45,0.06
TB,2018,310,11/6/2018,3,0.33,0.66,1.48,0.39,0.23,0.67,0.44,0.06
TB,2018,310,11/6/2018,7,0.35,0.64,1.91,0.47,0.26,0.82,0.63,0.07
TR,2013,52,2/21/2013,0,2.11,2.97,13,3.29,2.01,0.74,0.03,0
TR,2013,52,2/21/2013,10,2.16,3.02,13.13,3.31,2.02,0.74,0.02,0
TR,2013,52,2/21/2013,10,2.2,3.05,13.16,3.31,2.03,0.74,0.02,0
TR,2013,52,2/21/2013,20,2.19,3.04,13.21,3.37,2.09,0.77,0.03,0.09
TR,2013,52,2/21/2013,32,2.14,2.51,12.79,3.2,2.02,0.76,0.06,1.52
TR,2013,136,5/16/2013,0,2.25,3.08,12.95,3.23,2.11,0.76,0,0.01
TR,2013,136,5/16/2013,10,2.27,3.09,13.19,3.23,2.11,0.74,0,0.02
TR,2013,136,5/16/2013,20,2.29,3.1,13.31,3.28,2.1,0.76,0,0.02
TR,2013,136,5/16/2013,32,2.27,3.11,13.23,3.29,2.1,0.75,0,0.03
TR,2013,136,5/16/2013,32,2.29,3.12,13.45,3.3,2.1,0.75,0,0.03
TR,2013,218,8/6/2013,0,1.99,3.13,12.82,3.15,2.04,0.74,0,0
TR,2013,218,8/6/2013,8,1.97,3.1,12.54,3.12,2.04,0.74,0,0
TR,2013,218,8/6/2013,10,1.97,3.06,12.43,3.16,2.07,0.75,0,0
TR,2013,218,8/6/2013,15,1.99,3.24,12.73,3.18,2.07,0.76,0,0
TR,2013,218,8/6/2013,20,2.03,3.23,12.76,3.19,2.07,0.76,0,0
TR,2013,218,8/6/2013,32,2.03,3.24,12.89,3.25,2.09,0.79,0,0
TR,2013,218,8/6/2013,32,2.01,3.04,12.95,3.26,2.09,0.78,0,0
TR,2013,318,11/14/2013,0,2.02,2.73,13.03,3.29,2.08,0.75,0,0
TR,2013,318,11/14/2013,10,2,2.74,13.34,3.28,2.05,0.76,0,0
TR,2013,318,11/14/2013,20,2.15,4.12,13.26,3.29,2.08,0.75,0,0
TR,2013,318,11/14/2013,32,2.19,4.22,13.34,3.28,2.08,0.76,0,0
TR,2013,318,11/14/2013,32,2.15,3.98,13.19,3.28,2.05,0.75,0,0
TR,2014,50,2/19/2014,0,1.98,2.92,12.45,3.15,1.85,0.75,0,0
TR,2014,50,2/19/2014,10,1.91,2.91,12.45,3.18,1.83,0.74,3.18,0
TR,2014,50,2/19/2014,20,1.97,2.94,12.23,3.22,1.84,0.74,0,0.22
TR,2014,50,2/19/2014,20,2.14,2.97,12.66,3.28,1.86,0.74,0,0.39
TR,2014,50,2/19/2014,32,1.95,3.07,12.13,3.14,1.8,0.73,0.02,0.84
TR,2014,142,5/22/2014,0,2,2.96,13.01,3.29,1.52,0.71,0.01,0
TR,2014,142,5/22/2014,10,2.01,3.07,12.86,3.3,1.46,0.71,0.01,0
TR,2014,142,5/22/2014,20,2,2.95,12.92,3.26,1.45,0.7,0.01,0
TR,2014,142,5/22/2014,32,2.02,2.96,12.85,3.3,1.46,0.7,0.01,0
TR,2014,142,5/22/2014,32,2,2.96,12.92,3.28,1.5,0.7,0.01,0
TR,2014,226,8/14/2014,0,2.16,2.84,12.26,3.16,2.02,0.75,0.02,0
TR,2014,226,8/14/2014,8,2.14,2.83,12.13,3.13,2.01,0.74,0.02,0
TR,2014,226,8/14/2014,10,2.16,2.81,12.35,3.19,2.03,0.75,0.01,0
TR,2014,226,8/14/2014,15,2.15,2.88,12.3,3.19,2.01,0.75,0.01,0
TR,2014,226,8/14/2014,20,2.16,2.91,12.29,3.18,2.01,0.75,0.01,0
TR,2014,226,8/14/2014,32,2.16,2.58,12.51,3.23,2.01,0.78,0.02,0.09
TR,2014,226,8/14/2014,32,2.16,2.58,12.8,3.23,2.02,0.78,0.02,0.12
TR,2014,316,11/12/2014,0,1.95,2.89,12.98,3.27,2.21,0.75,0.01,0
TR,2014,316,11/12/2014,10,1.94,2.87,13.18,3.25,2.17,0.73,0.01,0
TR,2014,316,11/12/2014,10,2,2.87,13.21,3.24,2.19,0.75,0.01,0
TR,2014,316,11/12/2014,20,1.93,2.86,13.21,3.27,2.18,0.73,0.01,0
TR,2014,316,11/12/2014,32,1.92,2.85,13.44,3.27,2.22,0.73,0.01,0
TR,2015,61,3/2/2015,0,2.3,3.26,11.49,3.15,1.92,0.72,0,0
TR,2015,61,3/2/2015,0,2.31,3.26,11.61,3.18,2,0.75,0,0
TR,2015,61,3/2/2015,10,2.21,3.14,11.07,3.04,1.88,0.69,0,0
TR,2015,61,3/2/2015,20,2.22,3.13,11.09,3.04,1.86,0.71,0.01,0.04
TR,2015,61,3/2/2015,32,2.18,2.91,10.75,3.02,1.85,0.7,0.04,0.33
TR,2015,114,4/24/2015,0,2,3.07,16.13,3.29,2.57,0.77,0,0
TR,2015,114,4/24/2015,10,2.01,3.07,15.92,3.3,2.57,0.77,0,0
TR,2015,114,4/24/2015,20,2.04,3.11,16.02,3.31,2.7,0.8,0,0
TR,2015,114,4/24/2015,32,2.01,3.06,16.2,3.3,2.7,0.8,0,0
TR,2015,114,4/24/2015,32,2,3.07,15.94,3.3,2.64,0.78,0,0
TR,2015,225,8/13/2015,0,2.4,2.95,12.08,3.04,2.04,0.68,0,0
TR,2015,225,8/13/2015,8,2.39,3.13,11.94,3.05,2.05,0.68,0,0
TR,2015,225,8/13/2015,10,2.4,3.13,11.78,3.02,2.02,0.68,0,0
TR,2015,225,8/13/2015,15,2.47,3.24,12.11,3.05,2.05,0.69,0,0
TR,2015,225,8/13/2015,20,2.4,3.19,12.4,3.06,2.06,0.7,0,0
TR,2015,225,8/13/2015,32,2.43,3,12.56,3.09,2.07,0.72,0,0
TR,2015,225,8/13/2015,32,2.41,3,12.29,3.05,2.02,0.69,0.01,0
TR,2015,322,11/18/2015,0,2.36,2.84,12.39,3.09,1.98,0.66,0.01,0
TR,2015,322,11/18/2015,10,1.95,3.17,12.55,3.1,1.96,0.66,0.01,0
TR,2015,322,11/18/2015,10,2.34,2.91,12.64,3.08,1.92,0.65,0.01,0
TR,2015,322,11/18/2015,20,2.35,2.86,12.63,3.11,1.96,0.66,0.01,0
TR,2015,322,11/18/2015,32,2.33,2.85,12.49,3.1,1.94,0.66,0.01,0
TR,2016,61,3/1/2016,0,2.17,3.32,12.98,3.4,,0.76,0.01,0
TR,2016,61,3/1/2016,0,2.14,3.28,12.82,3.44,,0.75,0,0
TR,2016,61,3/1/2016,10,2,3.08,12.27,3.21,,0.7,0,0
TR,2016,61,3/1/2016,20,0.65,0.8,12.03,3.21,,0.7,0.01,0.02
TR,2016,61,3/1/2016,32,0.78,1.09,11.8,3.14,,0.67,0.03,0.4
TR,2016,118,4/27/2016,0,2.15,3.24,13.49,3.19,,0.7,0,0
TR,2016,118,4/27/2016,10,2.13,3.2,13.63,3.18,,0.7,0,0
TR,2016,118,4/27/2016,20,1.83,3.01,13.38,3.21,,0.71,0,0
TR,2016,118,4/27/2016,32,1.69,2.79,13.02,3.07,,0.7,0,0
TR,2016,118,4/27/2016,32,1.77,2.91,13.05,3.12,,0.7,0,0
TR,2016,232,8/19/2016,0,1.9,3.14,13.03,3.16,,0.71,0,0
TR,2016,232,8/19/2016,5,1.88,3.11,13.06,3.16,,0.7,0,0
TR,2016,232,8/19/2016,10,1.93,3.22,13.34,3.22,,0.73,0,0
TR,2016,232,8/19/2016,15,1.91,3.23,13.41,3.19,,0.72,0,0
TR,2016,232,8/19/2016,20,1.97,3.31,13.41,3.24,,0.73,0,0.01
TR,2016,232,8/19/2016,32,1.92,3.01,13.92,3.31,,0.8,0.09,1.44
TR,2016,232,8/19/2016,32,1.92,3.06,14.01,3.34,,0.82,0.13,1.65
TR,2016,320,11/15/2016,0,1.96,3.15,13.58,3.29,,0.74,0,0
TR,2016,320,11/15/2016,10,1.09,2.63,13.8,3.29,,0.73,0,0
TR,2016,320,11/15/2016,20,1.95,3.08,13.84,3.27,,0.73,0,0
TR,2016,320,11/15/2016,32,1.96,2.85,14.82,3.41,,0.8,0.01,1.22
TR,2016,320,11/15/2016,32,1.96,2.83,14.73,3.4,,0.8,0.01,1.31
TR,2017,44,2/13/2017,0,2.13,2.94,13.28,3.27,1.99,0.7,0,0
TR,2017,44,2/13/2017,0,2.13,2.93,13.24,3.28,2.01,0.71,0,0
TR,2017,44,2/13/2017,10,2.07,2.86,13,3.19,1.95,0.68,0,0
TR,2017,44,2/13/2017,20,2.06,2.81,12.65,3.12,1.9,0.67,0.03,0.27
TR,2017,44,2/13/2017,32,2.07,2.59,12.53,3.13,1.94,0.68,0.11,1.18
TR,2017,111,4/21/2017,0,1.97,3.05,11.89,3.06,1.73,0.67,0,0
TR,2017,111,4/21/2017,10,1.96,3.06,12.07,3.07,1.75,0.67,0,0
TR,2017,111,4/21/2017,10,1.97,3.07,11.93,3.07,1.74,0.66,0,0
TR,2017,111,4/21/2017,20,1.97,3.09,11.98,3.07,1.69,0.67,0,0
TR,2017,111,4/21/2017,32,1.98,3.05,11.92,3.04,1.7,0.67,0,0
TR,2017,222,8/10/2017,0,1.96,2.83,12.99,3.25,2.02,0.59,0,0
TR,2017,222,8/10/2017,0,1.97,2.83,12.86,3.25,2.09,0.62,0,0
TR,2017,222,8/10/2017,8,1.95,2.82,12.98,3.23,1.98,0.57,0,0
TR,2017,222,8/10/2017,10,1.95,2.86,13.15,3.3,2.09,0.63,0,0
TR,2017,222,8/10/2017,15,1.96,2.89,13.13,3.23,2.07,0.6,0,0
TR,2017,222,8/10/2017,20,1.98,2.9,13.05,3.26,2.06,0.61,0,0
TR,2017,222,8/10/2017,32,1.98,2.66,13.11,3.25,2.05,0.61,0,0
TR,2017,318,11/14/2017,0,2.05,3.12,13,3.25,1.9,0.72,0,0
TR,2017,318,11/14/2017,10,2.1,3.13,12.69,3.24,1.87,0.73,0,0
TR,2017,318,11/14/2017,20,2.1,3.22,12.67,3.28,1.93,0.72,0,0
TR,2017,318,11/14/2017,32,2.09,3.13,12.96,3.21,1.87,0.71,0,0
TR,2017,318,11/14/2017,32,2.07,3.19,12.95,3.21,1.88,0.7,0,0
TR,2018,52,2/21/2018,0,2.4,2.87,14.5,3.7,2.2,0.83,0,0
TR,2018,52,2/21/2018,10,2.25,2.62,13.3,3.38,2,0.75,0,0
TR,2018,52,2/21/2018,10,2.26,2.61,13.45,3.4,2,0.76,0,0
TR,2018,52,2/21/2018,20,2.31,2.67,13.63,3.45,2.06,0.76,0.01,0.05
TR,2018,52,2/21/2018,32,2.27,2.31,13.08,3.36,1.99,0.75,0.05,1.53
TR,2018,137,5/17/2018,0,2.18,2.97,12.77,3.21,1.99,0.74,0,0.01
TR,2018,137,5/17/2018,10,2.18,2.98,12.8,3.22,2.02,0.72,0,0.01
TR,2018,137,5/17/2018,10,2.14,2.98,12.8,3.22,2.02,0.72,0,0.01
TR,2018,137,5/17/2018,20,2.18,3,12.93,3.25,2.03,0.73,0,0.01
TR,2018,137,5/17/2018,32,2.14,3,12.81,3.17,1.96,0.72,0,0.03
TR,2018,221,8/9/2018,0,2.12,2.94,12.74,3.21,2.11,0.74,0,0
TR,2018,221,8/9/2018,5,2.04,2.9,12.78,3.2,2.12,0.75,0,0
TR,2018,221,8/9/2018,8,2.16,3,13.02,3.23,2.09,0.76,0,0
TR,2018,221,8/9/2018,10,2.1,2.98,13.17,3.22,2.09,0.75,0,0
TR,2018,221,8/9/2018,20,2.09,3.02,13.05,3.25,2.09,0.77,0,0
TR,2018,221,8/9/2018,32,2.2,3.02,13.4,3.27,2.05,0.79,0,0.01
TR,2018,221,8/9/2018,32,2.2,3,13.34,3.26,2.07,0.78,0,0.01
TR,2018,318,11/14/2018,0,2.03,2.94,12.53,3.17,1.79,0.68,0,0
TR,2018,318,11/14/2018,10,2,2.97,12.54,3.16,1.74,0.69,0,0
TR,2018,318,11/14/2018,20,1.99,2.95,12.9,3.21,1.82,0.7,0.01,0
TR,2018,318,11/14/2018,20,1.99,2.94,12.65,3.22,1.85,0.7,0,0
TR,2018,318,11/14/2018,32,1.98,2.93,12.54,3.19,1.8,0.69,0,0
WI,2013,56,2/25/2013,0,135.03,23.06,59.93,40.53,67.36,2.8,0,0
WI,2013,56,2/25/2013,0,136.62,23.35,59.59,40.38,66.75,2.83,0,0
WI,2013,120,4/30/2013,0,73.19,10.07,49.46,27.3,67.44,1.89,0,0
WI,2013,120,4/30/2013,0,132.59,19.95,49.95,26.99,68.21,1.94,0,0
WI,2013,135,5/15/2013,0,,,45.87,27.43,65.23,2.08,0,0
WI,2013,135,5/15/2013,0,,,46.21,27.66,65.75,2.07,0,0
WI,2013,149,5/29/2013,0,,,46.45,27.78,64.37,2.03,0,0.01
WI,2013,149,5/29/2013,0,,,46.49,27.89,64.41,2.02,0,0.01
WI,2013,163,6/12/2013,0,,,44.27,28.28,63.18,1.79,0,0.01
WI,2013,163,6/12/2013,0,,,43.57,27.69,62.03,1.78,0,0
WI,2013,175,6/24/2013,0,,,38.47,27.39,59.26,1.72,0,0
WI,2013,175,6/24/2013,0,,,37.54,26.83,58.1,1.72,0,0
WI,2013,191,7/10/2013,0,,,32.93,21.54,43.04,1.55,0,0
WI,2013,191,7/10/2013,0,,,32.77,21.64,42.96,1.59,0,0
WI,2013,203,7/22/2013,0,,,32.42,23.41,43.85,1.47,0,0
WI,2013,203,7/22/2013,0,,,32.85,24.7,44.4,1.49,0,0
WI,2013,220,8/8/2013,0,95.25,14.68,32.57,24.83,44.93,1.43,0,0
WI,2013,220,8/8/2013,0,95.92,15.25,33.13,24.86,45.46,1.43,0,0
WI,2013,231,8/19/2013,0,,,32.77,26.21,47.46,1.53,0,0
WI,2013,231,8/19/2013,0,,,32.75,26.23,47.24,1.6,0,0
WI,2013,252,9/9/2013,0,,,35.98,29.09,48.67,1.56,0,0
WI,2013,252,9/9/2013,0,,,35.63,28.8,48.25,1.59,0,0
WI,2013,275,10/2/2013,0,,,36.34,29.25,46.58,1.57,0,0
WI,2013,275,10/2/2013,0,,,36.42,29.55,47.54,1.58,0,0
WI,2013,304,10/31/2013,0,102.13,17.67,43.52,32.49,47.7,1.69,0,0
WI,2013,304,10/31/2013,0,102.38,17.69,43.55,32.49,47.55,1.67,0,0
WI,2014,122,5/2/2014,0,123.75,17.92,52.83,31.88,57.52,1.95,0,0
WI,2014,122,5/2/2014,0,124.56,18.03,53.26,31.79,58.09,1.93,0,0
WI,2014,135,5/15/2014,0,,,51.93,31.64,58.22,1.95,0,0
WI,2014,135,5/15/2014,0,,,51.97,31.72,58.31,1.93,0,0
WI,2014,154,6/3/2014,0,,,42.59,29.79,54.21,1.74,0.01,0
WI,2014,154,6/3/2014,0,,,42.68,29.84,54.04,1.73,0.01,0
WI,2014,163,6/12/2014,0,,,43.23,30.16,53.56,1.7,0,0
WI,2014,163,6/12/2014,0,,,43.27,30.12,53.73,1.65,0,0
WI,2014,175,6/24/2014,0,,,34.3,28.15,51.23,1.6,0,0
WI,2014,175,6/24/2014,0,,,35.22,28.19,52.6,1.61,0,0
WI,2014,191,7/10/2014,0,,,35.64,26.02,45.99,1.51,0,0
WI,2014,191,7/10/2014,0,,,36.34,26.62,46.83,1.57,0,0
WI,2014,204,7/23/2014,0,,,30.89,25.8,45.58,1.44,0.01,0
WI,2014,204,7/23/2014,0,,,30.87,26.37,45.44,1.43,0.01,0
WI,2014,218,8/6/2014,0,103.82,15.3,30.28,27.25,46.9,1.48,0.01,0
WI,2014,218,8/6/2014,0,103.91,15.35,30.27,27.17,46.4,1.45,0.01,0
WI,2014,231,8/19/2014,0,,,31.69,28.63,47.84,1.45,0.01,0
WI,2014,231,8/19/2014,0,,,31.28,27.97,48.04,1.56,0.01,0
WI,2014,251,9/8/2014,0,,,34.92,26.66,42.92,1.67,0.01,0
WI,2014,251,9/8/2014,0,,,34.99,26.72,42.86,1.65,0.01,0
WI,2014,273,9/30/2014,0,,,35.93,29.67,43.61,1.7,0,0
WI,2014,273,9/30/2014,0,,,35.54,29.34,43.52,1.7,0,0
WI,2014,307,11/3/2014,0,100,16.41,47.68,32.27,45.1,1.91,0.01,0
WI,2014,307,11/3/2014,0,99.77,16.34,47.39,32.32,44.15,1.85,0.01,0
WI,2015,28,1/28/2015,0,115.16,19.65,46.89,34.87,46.07,2.06,0,0
WI,2015,28,1/28/2015,0,115.07,19.67,47.16,35.14,46.16,2.03,0,0
WI,2015,90,3/31/2015,0,,,75.45,37.3,53.01,1.88,0,0
WI,2015,90,3/31/2015,0,,,75.7,37.23,53.24,1.88,0,0
WI,2015,107,4/17/2015,0,111.63,18.67,67.5,35.51,55.81,1.87,0,0
WI,2015,107,4/17/2015,0,111.58,18.65,67.47,35.34,56.1,1.87,0,0
WI,2015,117,4/27/2015,0,,,66.58,35.84,57.41,1.92,0,0
WI,2015,117,4/27/2015,0,,,66.31,35.97,56.78,1.87,0,0
WI,2015,132,5/12/2015,0,,,49.22,36.6,50.91,1.88,0.01,0.01
WI,2015,132,5/12/2015,0,,,49.15,35.81,50.17,1.85,0,0.01
WI,2015,148,5/28/2015,0,,,41.49,36.1,50.38,1.83,0,0
WI,2015,148,5/28/2015,0,,,41.56,36.3,50.94,1.84,0,0
WI,2015,162,6/11/2015,0,,,33.94,36.92,52.34,1.73,0,0
WI,2015,162,6/11/2015,0,,,32.83,36.21,50.98,1.77,0,0
WI,2015,175,6/24/2015,0,,,34.31,34.95,50.01,1.75,0,0
WI,2015,175,6/24/2015,0,,,34.76,34.78,50,1.74,0,0
WI,2015,191,7/10/2015,0,,,32.86,34.46,49.07,1.67,0,0
WI,2015,191,7/10/2015,0,,,32.5,34.5,48.67,1.69,0,0
WI,2015,204,7/23/2015,0,,,29.79,34.04,48.79,1.64,0.06,0
WI,2015,204,7/23/2015,0,,,29.54,33.66,47.81,1.68,0,0
WI,2015,217,8/5/2015,0,106.49,18.25,28.52,31.94,46.1,1.61,0,0
WI,2015,217,8/5/2015,0,106.68,18.12,28.65,32.16,45.76,1.62,0,0
WI,2015,229,8/17/2015,0,,,31.19,35.94,49.2,1.71,0,0
WI,2015,229,8/17/2015,0,,,30.55,35.41,48.37,1.67,0,0
WI,2015,251,9/8/2015,0,,,31.92,31.9,42.5,1.75,0,0
WI,2015,251,9/8/2015,0,,,33.18,33.17,44.66,1.73,0,0
WI,2015,288,10/15/2015,0,,,39.56,30.61,38.71,1.96,0,0
WI,2015,288,10/15/2015,0,,,39.76,30.59,39.01,1.96,0.01,0
WI,2015,313,11/9/2015,0,94.33,16.04,46.53,31.64,38.49,2.07,0.01,0
WI,2015,313,11/9/2015,0,90.73,15.5,46.87,32.01,38.63,2.08,0.01,0
WI,2016,36,2/5/2016,0,88.6,15.81,50.24,31.1,,1.99,0.01,0
WI,2016,36,2/5/2016,0,88.94,18.12,49.98,30.84,,1.95,0.01,0
WI,2016,90,3/30/2016,0,,,55.47,30.91,,1.83,0.01,0
WI,2016,90,3/30/2016,0,,,55.73,30.96,,1.84,0,0
WI,2016,105,4/14/2016,0,106.96,17.63,53.26,30.6,,1.81,0.01,0
WI,2016,105,4/14/2016,0,106.77,17.36,52.95,30.64,,1.82,0.01,0
WI,2016,118,4/27/2016,0,,,50.13,34.65,,1.96,0,0
WI,2016,118,4/27/2016,0,,,49.86,34.49,,1.92,0,0
WI,2016,137,5/16/2016,0,,,50.34,35.28,,1.9,0,0
WI,2016,137,5/16/2016,0,,,50.28,35.21,,1.91,0,0
WI,2016,146,5/25/2016,0,,,40.76,35.97,,1.76,0,0
WI,2016,146,5/25/2016,0,,,40.16,36.17,,1.73,0,0
WI,2016,161,6/9/2016,0,,,38.31,36.23,,1.69,0,0
WI,2016,161,6/9/2016,0,,,38.33,35.44,,1.69,0,0
WI,2016,173,6/21/2016,0,,,30.85,35.3,,1.57,0,0
WI,2016,173,6/21/2016,0,,,30.36,34.92,,1.53,0,0
WI,2016,189,7/7/2016,0,,,30.81,33.14,,1.62,0,0.01
WI,2016,189,7/7/2016,0,,,30.93,33.18,,1.62,0,0.01
WI,2016,202,7/20/2016,0,,,29.35,34.67,,1.59,0,0
WI,2016,202,7/20/2016,0,,,29.29,34.42,,1.56,0,0
WI,2016,216,8/3/2016,0,77.46,11.85,29.52,25.84,,1.8,0.01,0
WI,2016,216,8/3/2016,0,77.61,11.82,29.37,25.72,,1.79,0.01,0
WI,2016,230,8/17/2016,0,,,33.29,27.1,,1.75,0,0
WI,2016,230,8/17/2016,0,,,33.61,27.33,,1.76,0,0
WI,2016,252,9/8/2016,0,,,38.09,28.26,,1.83,0,0
WI,2016,252,9/8/2016,0,,,37.93,28.21,,1.78,0,0
WI,2016,273,9/29/2016,0,,,43.35,29,,2.04,0,0
WI,2016,273,9/29/2016,0,,,43.06,28.79,,2.05,0,0
WI,2016,306,11/1/2016,0,75.74,10.78,48.91,28.71,,2.37,0.01,0
WI,2016,306,11/1/2016,0,75.99,11.59,49.9,29.12,,2.41,0.03,0.03
WI,2017,47,2/16/2017,0,106.4,17.67,62.94,34.74,43.86,2.51,0,0
WI,2017,47,2/16/2017,0,106.09,15.04,54.06,31.12,49.53,2.68,0,0
WI,2017,108,4/18/2017,0,148.12,15.03,52.08,28.91,64.8,2.21,0,0
WI,2017,108,4/18/2017,0,147.25,14.89,52.05,29.13,64.45,2.21,0,0
WI,2017,124,5/4/2017,0,,,49.9,28.71,64.46,2.16,0,0
WI,2017,124,5/4/2017,0,,,49.58,28.73,63.7,2.15,0,0
WI,2017,138,5/18/2017,0,,,48.17,29.78,64.07,2.08,0,0.01
WI,2017,138,5/18/2017,0,,,48.17,29.85,64.34,2.09,0,0.01
WI,2017,152,6/1/2017,0,,,48.15,31.15,68.76,2.26,0,0.01
WI,2017,152,6/1/2017,0,,,48.41,31.37,69.26,2.3,0,0.01
WI,2017,165,6/14/2017,0,,,40.75,32.12,68.95,2.1,0,0
WI,2017,165,6/14/2017,0,,,40.83,32.19,68.83,2.09,0,0
WI,2017,178,6/27/2017,0,,,42.85,29.99,63.18,1.98,0,0
WI,2017,178,6/27/2017,0,,,43.07,30.15,63.36,2.05,0,0
WI,2017,193,7/12/2017,0,,,34.65,25.96,51.64,1.66,0.01,0
WI,2017,193,7/12/2017,0,,,34.42,26.01,51.37,1.65,0.01,0
WI,2017,207,7/26/2017,0,,,35.06,21.91,39.38,1.73,0.01,0
WI,2017,207,7/26/2017,0,,,35.3,22.01,39.56,1.69,0.01,0
WI,2017,221,8/9/2017,0,81,9,32.84,23.33,39.98,1.73,0,0
WI,2017,221,8/9/2017,0,81,9,33.16,23.54,40.79,1.73,0,0
WI,2017,233,8/21/2017,0,,,36,25.08,41.46,1.76,0,0
WI,2017,233,8/21/2017,0,,,35.74,24.9,41.27,1.78,0,0
WI,2017,251,9/8/2017,0,,,45.84,29.28,44.23,1.9,0,0
WI,2017,251,9/8/2017,0,,,45.4,29.24,44.14,1.93,0,0
WI,2017,275,10/2/2017,0,,,45.84,30.23,43.4,1.99,0,0
WI,2017,275,10/2/2017,0,,,46.3,30.51,43.61,2.04,0,0
WI,2017,304,10/31/2017,0,95,13,52.83,32.41,43.08,2.35,0,0
WI,2017,304,10/31/2017,0,94,13,53.13,32.61,42.58,2.34,0,0
WI,2018,57,2/26/2018,0,68.46,4.99,16.08,6.49,52.17,4.53,0.22,0.06
WI,2018,57,2/26/2018,0,80.27,5.93,16.27,6.4,51.25,4.28,0.21,0.06
WI,2018,116,4/26/2018,0,121.94,16.86,59.31,35.18,53.39,2.45,0,0
WI,2018,116,4/26/2018,0,122.16,16.51,59.46,35.15,52.76,2.39,0,0
WI,2018,136,5/16/2018,0,,,51.35,30.44,58.36,2.35,0,0.01
WI,2018,136,5/16/2018,0,,,51.97,30.88,59.29,2.35,0.01,0.01
WI,2018,151,5/31/2018,0,,,46.69,29.78,56.55,2.26,0.03,0.01
WI,2018,151,5/31/2018,0,,,43.95,27.99,52.95,2.22,0.03,0.01
WI,2018,165,6/14/2018,0,,,43.29,28.64,51.99,1.9,0.01,0.01
WI,2018,165,6/14/2018,0,,,43.17,28.46,52.54,1.89,0.01,0.01
WI,2018,179,6/28/2018,0,,,34.07,22.34,37.9,1.73,0.03,0.01
WI,2018,179,6/28/2018,0,,,34.3,22.33,38.4,1.75,0.03,0.01
WI,2018,194,7/13/2018,0,,,33.42,24.42,39.92,1.68,0,0
WI,2018,194,7/13/2018,0,,,33.31,24.56,39.73,1.64,0,0
WI,2018,205,7/24/2018,0,,,34.97,25.36,39.38,1.65,0,0
WI,2018,205,7/24/2018,0,,,34.65,25.15,38.95,1.64,0,0
WI,2018,221,8/9/2018,0,90.66,12.41,35.56,28.93,47.43,1.79,0,0
WI,2018,221,8/9/2018,0,90.92,12.38,34.93,28.63,47.72,1.77,0,0
WI,2018,233,8/21/2018,0,,,30.86,23.6,33.63,1.65,0,0
WI,2018,233,8/21/2018,0,,,30.76,23.47,33.7,1.65,0,0
WI,2018,249,9/6/2018,0,,,33.17,19.47,25.86,1.64,0,0
WI,2018,249,9/6/2018,0,,,33.02,19.42,25.63,1.65,0,0
WI,2018,285,10/12/2018,0,,,42.64,22.74,28.8,1.83,0,0
WI,2018,285,10/12/2018,0,,,41.59,22.29,28.34,1.85,0.01,0
WI,2018,305,11/1/2018,0,71.62,11.87,49.53,26.5,31.46,1.94,0,0
WI,2018,305,11/1/2018,0,70.98,11.78,49.61,26.55,31.54,1.94,0,0
